id,name,fuel,capex,fom,vom,lifetime,discount_rate,heat_rate_base,heat_rate_incr,unit_size,node,max_build,min_build,initial_capacity,line,unit_type,is_flexible,scenarios,near_optimum,range_group
0,AL00_ror,water,3491.35,12.68,0,60,0.07,0,0,0.001,ALB,0,0,0.604,other_connections,ror,FALSE,7percent,FALSE,
1,AT00_ror,water,3491.35,12.68,0,60,0.07,0,0,0.001,AUT,0,0,5.229,other_connections,ror,FALSE,7percent,FALSE,
2,BE00_ror,water,3491.35,12.68,0,60,0.07,0,0,0.001,BEL,0,0,0.148,other_connections,ror,FALSE,7percent,FALSE,
3,BG00_ror,water,3491.35,12.68,0,60,0.07,0,0,0.001,BGR,0,0,0.536,other_connections,ror,FALSE,7percent,FALSE,
4,BA00_ror,water,3491.35,12.68,0,60,0.07,0,0,0.001,BIH,0,0,0.041,other_connections,ror,FALSE,7percent,FALSE,
5,CH00_ror,water,3491.35,12.68,0,60,0.07,0,0,0.001,CHE,0,0,4.215,other_connections,ror,FALSE,7percent,FALSE,
6,CZ00_ror,water,3491.35,12.68,0,60,0.07,0,0,0.001,CZE,0,0,0.432,other_connections,ror,FALSE,7percent,FALSE,
7,DE00_ror,water,3491.35,12.68,0,60,0.07,0,0,0.001,DEU,0,0,3.934,other_connections,ror,FALSE,7percent,FALSE,
8,ES00_ror,water,3491.35,12.68,0,60,0.07,0,0,0.001,ESP,0,0,3.425,other_connections,ror,FALSE,7percent,FALSE,
9,FR00_ror,water,3491.35,12.68,0,60,0.07,0,0,0.001,FRA,0,0,13.6,other_connections,ror,FALSE,7percent,FALSE,
10,UK00_ror,water,3491.35,12.68,0,60,0.07,0,0,0.001,GBR,0,0,2.219,other_connections,ror,FALSE,7percent,FALSE,
11,GR00_ror,water,3491.35,12.68,0,60,0.07,0,0,0.001,GRC,0,0,0.361,other_connections,ror,FALSE,7percent,FALSE,
12,HR00_ror,water,3491.35,12.68,0,60,0.07,0,0,0.001,HRV,0,0,0.063,other_connections,ror,FALSE,7percent,FALSE,
13,HU00_ror,water,3491.35,12.68,0,60,0.07,0,0,0.001,HUN,0,0,0.064,other_connections,ror,FALSE,7percent,FALSE,
14,IE00_ror,water,3491.35,12.68,0,60,0.07,0,0,0.001,IRL,0,0,0.215,other_connections,ror,FALSE,7percent,FALSE,
15,ITCA_ror,water,3491.35,12.68,0,60,0.07,0,0,0.001,ITA,0,0,0.125,other_connections,ror,FALSE,7percent,FALSE,
16,ITCN_ror,water,3491.35,12.68,0,60,0.07,0,0,0.001,ITA,0,0,0.294,other_connections,ror,FALSE,7percent,FALSE,
17,ITCS_ror,water,3491.35,12.68,0,60,0.07,0,0,0.001,ITA,0,0,0.697,other_connections,ror,FALSE,7percent,FALSE,
18,ITN1_ror,water,3491.35,12.68,0,60,0.07,0,0,0.001,ITA,0,0,5.711,other_connections,ror,FALSE,7percent,FALSE,
19,ITS1_ror,water,3491.35,12.68,0,60,0.07,0,0,0.001,ITA,0,0,0.05,other_connections,ror,FALSE,7percent,FALSE,
20,ITSA_ror,water,3491.35,12.68,0,60,0.07,0,0,0.001,ITA,0,0,0.082,other_connections,ror,FALSE,7percent,FALSE,
21,ITSI_ror,water,3491.35,12.68,0,60,0.07,0,0,0.001,ITA,0,0,0.092,other_connections,ror,FALSE,7percent,FALSE,
22,LT00_ror,water,3491.35,12.68,0,60,0.07,0,0,0.001,LTU,0,0,0.126,other_connections,ror,FALSE,7percent,FALSE,
23,LUG1_ror,water,3491.35,12.68,0,60,0.07,0,0,0.001,LUX,0,0,0.042,other_connections,ror,FALSE,7percent,FALSE,
24,MK00_ror,water,3491.35,12.68,0,60,0.07,0,0,0.001,MKD,0,0,0.231,other_connections,ror,FALSE,7percent,FALSE,
25,ME00_ror,water,3491.35,12.68,0,60,0.07,0,0,0.001,MNE,0,0,0.079,other_connections,ror,FALSE,7percent,FALSE,
26,NL00_ror,water,3491.35,12.68,0,60,0.07,0,0,0.001,NLD,0,0,0.037,other_connections,ror,FALSE,7percent,FALSE,
27,NOM1_ror,water,3491.35,12.68,0,60,0.07,0,0,0.001,NOR,0,0,1.184,other_connections,ror,FALSE,7percent,FALSE,
28,NON1_ror,water,3491.35,12.68,0,60,0.07,0,0,0.001,NOR,0,0,0.727,other_connections,ror,FALSE,7percent,FALSE,
29,NOS0_ror,water,3491.35,12.68,0,60,0.07,0,0,0.001,NOR,0,0,5.557,other_connections,ror,FALSE,7percent,FALSE,
30,PL00_ror,water,3491.35,12.68,0,60,0.07,0,0,0.001,POL,0,0,0.367,other_connections,ror,FALSE,7percent,FALSE,
31,PT00_ror,water,3491.35,12.68,0,60,0.07,0,0,0.001,PRT,0,0,0.505,other_connections,ror,FALSE,7percent,FALSE,
32,RO00_ror,water,3491.35,12.68,0,60,0.07,0,0,0.001,ROU,0,0,3.366,other_connections,ror,FALSE,7percent,FALSE,
33,RS00_ror,water,3491.35,12.68,0,60,0.07,0,0,0.001,SRB,0,0,2.132,other_connections,ror,FALSE,7percent,FALSE,
34,SK00_ror,water,3491.35,12.68,0,60,0.07,0,0,0.001,SVK,0,0,1.425,other_connections,ror,FALSE,7percent,FALSE,
35,SI00_ror,water,3491.35,12.68,0,60,0.07,0,0,0.001,SVN,0,0,0.128,other_connections,ror,FALSE,7percent,FALSE,
36,ALB_fix,solar,721.3,10.63,0,25,0.07,0,0,0.001,ALB,134.31255,0,0,pv_connection,pv_fixed,FALSE,7percent,FALSE,
37,AUT_fix,solar,721.3,20,0,25,0.07,0,0,0.001,AUT,396.53775,0,0,pv_connection,pv_fixed,FALSE,7percent,FALSE,
38,BEL_fix,solar,721.3,20,0,25,0.07,0,0,0.001,BEL,201.5866,0,0,pv_connection,pv_fixed,FALSE,7percent,FALSE,
39,BGR_fix,solar,721.3,10.63,0,25,0.07,0,0,0.001,BGR,1694.0475,0,0,pv_connection,pv_fixed,FALSE,7percent,FALSE,
40,BIH_fix,solar,721.3,10.63,0,25,0.07,0,0,0.001,BIH,275.72725,0,0,pv_connection,pv_fixed,FALSE,7percent,FALSE,
41,CHE_fix,solar,721.3,20,0,25,0.07,0,0,0.001,CHE,58.7766,0,0,pv_connection,pv_fixed,FALSE,7percent,FALSE,
42,CYP_fix,solar,721.3,10.63,0,25,0.07,0,0,0.001,CYP,76.8144,0,0,pv_connection,pv_fixed,FALSE,7percent,FALSE,
43,CZE_fix,solar,721.3,20,0,25,0.07,0,0,0.001,CZE,1043.27775,0,0,pv_connection,pv_fixed,FALSE,7percent,FALSE,
44,DEU_fix,solar,721.3,20,0,25,0.07,0,0,0.001,DEU,4077.3099,0,0,pv_connection,pv_fixed,FALSE,7percent,FALSE,
45,DNK_fix,solar,721.3,20,0,25,0.07,0,0,0.001,DNK,600.7147,0,0,pv_connection,pv_fixed,FALSE,7percent,FALSE,
46,ESP_fix,solar,721.3,20,0,25,0.07,0,0,0.001,ESP,8836.6956,0,0,pv_connection,pv_fixed,FALSE,7percent,FALSE,
47,EST_fix,solar,721.3,20,0,25,0.07,0,0,0.001,EST,476.66185,0,0,pv_connection,pv_fixed,FALSE,7percent,FALSE,
48,FIN_fix,solar,721.3,20,0,25,0.07,0,0,0.001,FIN,2555.40365,0,0,pv_connection,pv_fixed,FALSE,7percent,FALSE,
49,FRA_fix,solar,721.3,20,0,25,0.07,0,0,0.001,FRA,7535.20785,0,0,pv_connection,pv_fixed,FALSE,7percent,FALSE,
50,GBR_fix,solar,721.3,20,0,25,0.07,0,0,0.001,GBR,3063.74585,0,0,pv_connection,pv_fixed,FALSE,7percent,FALSE,
51,GRC_fix,solar,721.3,20,0,25,0.07,0,0,0.001,GRC,1039.0781,0,0,pv_connection,pv_fixed,FALSE,7percent,FALSE,
52,HRV_fix,solar,721.3,10.63,0,25,0.07,0,0,0.001,HRV,630.01755,0,0,pv_connection,pv_fixed,FALSE,7percent,FALSE,
53,HUN_fix,solar,721.3,20,0,25,0.07,0,0,0.001,HUN,2296.07475,0,0,pv_connection,pv_fixed,FALSE,7percent,FALSE,
54,IRL_fix,solar,721.3,20,0,25,0.07,0,0,0.001,IRL,1135.1516,0,0,pv_connection,pv_fixed,FALSE,7percent,FALSE,
55,ITA_fix,solar,721.3,20,0,25,0.07,0,0,0.001,ITA,2220.2123,0,0,pv_connection,pv_fixed,FALSE,7percent,FALSE,
56,LTU_fix,solar,721.3,20,0,25,0.07,0,0,0.001,LTU,937.1279,0,0,pv_connection,pv_fixed,FALSE,7percent,FALSE,
57,LUX_fix,solar,721.3,20,0,25,0.07,0,0,0.001,LUX,26.348,0,0,pv_connection,pv_fixed,FALSE,7percent,FALSE,
58,LVA_fix,solar,721.3,20,0,25,0.07,0,0,0.001,LVA,732.35435,0,0,pv_connection,pv_fixed,FALSE,7percent,FALSE,
59,MKD_fix,solar,721.3,10.63,0,25,0.07,0,0,0.001,MKD,211.5722,0,0,pv_connection,pv_fixed,FALSE,7percent,FALSE,
60,MNE_fix,solar,721.3,10.63,0,25,0.07,0,0,0.001,MNE,49.4182,0,0,pv_connection,pv_fixed,FALSE,7percent,FALSE,
61,NLD_fix,solar,721.3,20,0,25,0.07,0,0,0.001,NLD,283.37655,0,0,pv_connection,pv_fixed,FALSE,7percent,FALSE,
62,NOR_fix,solar,721.3,20,0,25,0.07,0,0,0.001,NOR,4091.9327,0,0,pv_connection,pv_fixed,FALSE,7percent,FALSE,
63,POL_fix,solar,721.3,20,0,25,0.07,0,0,0.001,POL,4836.9119,0,0,pv_connection,pv_fixed,FALSE,7percent,FALSE,
64,PRT_fix,solar,721.3,20,0,25,0.07,0,0,0.001,PRT,1130.2359,0,0,pv_connection,pv_fixed,FALSE,7percent,FALSE,
65,ROU_fix,solar,721.3,10.63,0,25,0.07,0,0,0.001,ROU,4133.71145,0,0,pv_connection,pv_fixed,FALSE,7percent,FALSE,
66,SRB_fix,solar,721.3,10.63,0,25,0.07,0,0,0.001,SRB,1033.36265,0,0,pv_connection,pv_fixed,FALSE,7percent,FALSE,
67,SVK_fix,solar,721.3,20,0,25,0.07,0,0,0.001,SVK,567.07775,0,0,pv_connection,pv_fixed,FALSE,7percent,FALSE,
68,SVN_fix,solar,721.3,20,0,25,0.07,0,0,0.001,SVN,51.3341,0,0,pv_connection,pv_fixed,FALSE,7percent,FALSE,
69,SWE_fix,solar,721.3,20,0,25,0.07,0,0,0.001,SWE,3508.11305,0,0,pv_connection,pv_fixed,FALSE,7percent,FALSE,
70,ALB_sat,solar,836.7,11.37,0,25,0.07,0,0,0.001,ALB,134.31255,0,0,pv_connection,pv_track,FALSE,7percent,FALSE,
71,AUT_sat,solar,836.7,21.4,0,25,0.07,0,0,0.001,AUT,396.53775,0,0,pv_connection,pv_track,FALSE,7percent,FALSE,
72,BEL_sat,solar,836.7,21.4,0,25,0.07,0,0,0.001,BEL,201.5866,0,0,pv_connection,pv_track,FALSE,7percent,FALSE,
73,BGR_sat,solar,836.7,11.37,0,25,0.07,0,0,0.001,BGR,1694.0475,0,0,pv_connection,pv_track,FALSE,7percent,FALSE,
74,BIH_sat,solar,836.7,11.37,0,25,0.07,0,0,0.001,BIH,275.72725,0,0,pv_connection,pv_track,FALSE,7percent,FALSE,
75,CHE_sat,solar,836.7,21.4,0,25,0.07,0,0,0.001,CHE,58.7766,0,0,pv_connection,pv_track,FALSE,7percent,FALSE,
76,CYP_sat,solar,836.7,11.37,0,25,0.07,0,0,0.001,CYP,76.8144,0,0,pv_connection,pv_track,FALSE,7percent,FALSE,
77,CZE_sat,solar,836.7,21.4,0,25,0.07,0,0,0.001,CZE,1043.27775,0,0,pv_connection,pv_track,FALSE,7percent,FALSE,
78,DEU_sat,solar,836.7,21.4,0,25,0.07,0,0,0.001,DEU,4077.3099,0,0,pv_connection,pv_track,FALSE,7percent,FALSE,
79,DNK_sat,solar,836.7,21.4,0,25,0.07,0,0,0.001,DNK,600.7147,0,0,pv_connection,pv_track,FALSE,7percent,FALSE,
80,ESP_sat,solar,836.7,21.4,0,25,0.07,0,0,0.001,ESP,8836.6956,0,0,pv_connection,pv_track,FALSE,7percent,FALSE,
81,EST_sat,solar,836.7,21.4,0,25,0.07,0,0,0.001,EST,476.66185,0,0,pv_connection,pv_track,FALSE,7percent,FALSE,
82,FIN_sat,solar,836.7,21.4,0,25,0.07,0,0,0.001,FIN,2555.40365,0,0,pv_connection,pv_track,FALSE,7percent,FALSE,
83,FRA_sat,solar,836.7,21.4,0,25,0.07,0,0,0.001,FRA,7535.20785,0,0,pv_connection,pv_track,FALSE,7percent,FALSE,
84,GBR_sat,solar,836.7,21.4,0,25,0.07,0,0,0.001,GBR,3063.74585,0,0,pv_connection,pv_track,FALSE,7percent,FALSE,
85,GRC_sat,solar,836.7,21.4,0,25,0.07,0,0,0.001,GRC,1039.0781,0,0,pv_connection,pv_track,FALSE,7percent,FALSE,
86,HRV_sat,solar,836.7,11.37,0,25,0.07,0,0,0.001,HRV,630.01755,0,0,pv_connection,pv_track,FALSE,7percent,FALSE,
87,HUN_sat,solar,836.7,21.4,0,25,0.07,0,0,0.001,HUN,2296.07475,0,0,pv_connection,pv_track,FALSE,7percent,FALSE,
88,IRL_sat,solar,836.7,21.4,0,25,0.07,0,0,0.001,IRL,1135.1516,0,0,pv_connection,pv_track,FALSE,7percent,FALSE,
89,ITA_sat,solar,836.7,21.4,0,25,0.07,0,0,0.001,ITA,2220.2123,0,0,pv_connection,pv_track,FALSE,7percent,FALSE,
90,LTU_sat,solar,836.7,21.4,0,25,0.07,0,0,0.001,LTU,937.1279,0,0,pv_connection,pv_track,FALSE,7percent,FALSE,
91,LUX_sat,solar,836.7,21.4,0,25,0.07,0,0,0.001,LUX,26.348,0,0,pv_connection,pv_track,FALSE,7percent,FALSE,
92,LVA_sat,solar,836.7,21.4,0,25,0.07,0,0,0.001,LVA,732.35435,0,0,pv_connection,pv_track,FALSE,7percent,FALSE,
93,MKD_sat,solar,836.7,11.37,0,25,0.07,0,0,0.001,MKD,211.5722,0,0,pv_connection,pv_track,FALSE,7percent,FALSE,
94,MNE_sat,solar,836.7,11.37,0,25,0.07,0,0,0.001,MNE,49.4182,0,0,pv_connection,pv_track,FALSE,7percent,FALSE,
95,NLD_sat,solar,836.7,21.4,0,25,0.07,0,0,0.001,NLD,283.37655,0,0,pv_connection,pv_track,FALSE,7percent,FALSE,
96,NOR_sat,solar,836.7,21.4,0,25,0.07,0,0,0.001,NOR,4091.9327,0,0,pv_connection,pv_track,FALSE,7percent,FALSE,
97,POL_sat,solar,836.7,21.4,0,25,0.07,0,0,0.001,POL,4836.9119,0,0,pv_connection,pv_track,FALSE,7percent,FALSE,
98,PRT_sat,solar,836.7,21.4,0,25,0.07,0,0,0.001,PRT,1130.2359,0,0,pv_connection,pv_track,FALSE,7percent,FALSE,
99,ROU_sat,solar,836.7,11.37,0,25,0.07,0,0,0.001,ROU,4133.71145,0,0,pv_connection,pv_track,FALSE,7percent,FALSE,
100,SRB_sat,solar,836.7,11.37,0,25,0.07,0,0,0.001,SRB,1033.36265,0,0,pv_connection,pv_track,FALSE,7percent,FALSE,
101,SVK_sat,solar,836.7,21.4,0,25,0.07,0,0,0.001,SVK,567.07775,0,0,pv_connection,pv_track,FALSE,7percent,FALSE,
102,SVN_sat,solar,836.7,21.4,0,25,0.07,0,0,0.001,SVN,51.3341,0,0,pv_connection,pv_track,FALSE,7percent,FALSE,
103,SWE_sat,solar,836.7,21.4,0,25,0.07,0,0,0.001,SWE,3508.11305,0,0,pv_connection,pv_track,FALSE,7percent,FALSE,
104,ALB_offw,wind,2852,70,0,25,0.07,0,0,0.001,ALB,29.4906,0,0,offw_connection,offw,FALSE,7percent,FALSE,
105,BEL_offw,wind,2852,87,0,25,0.07,0,0,0.001,BEL,52.1531,0,0,offw_connection,offw,FALSE,7percent,FALSE,
106,BGR_offw,wind,2852,70,0,25,0.07,0,0,0.001,BGR,80.7861,0,0,offw_connection,offw,FALSE,7percent,FALSE,
108,CYP_offw,wind,2852,70,0,25,0.07,0,0,0.001,CYP,19.7669,0,0,offw_connection,offw,FALSE,7percent,FALSE,
109,DEU_offw,wind,2852,88,0,25,0.07,0,0,0.001,DEU,840.0521,0,0,offw_connection,offw,FALSE,7percent,FALSE,
110,DNK_offw,wind,2852,79,0,25,0.07,0,0,0.001,DNK,1250.5235,0,0,offw_connection,offw,FALSE,7percent,FALSE,
111,ESP_offw,wind,2852,86,0,25,0.07,0,0,0.001,ESP,372.958,0,0,offw_connection,offw,FALSE,7percent,FALSE,
112,EST_offw,wind,2852,86,0,25,0.07,0,0,0.001,EST,321.1257,0,0,offw_connection,offw,FALSE,7percent,FALSE,
113,FIN_offw,wind,2852,86,0,25,0.07,0,0,0.001,FIN,710.3683,0,0,offw_connection,offw,FALSE,7percent,FALSE,
114,FRA_offw,wind,2852,91,0,25,0.07,0,0,0.001,FRA,817.5954,0,0,offw_connection,offw,FALSE,7percent,FALSE,
115,GBR_offw,wind,2852,84,0,25,0.07,0,0,0.001,GBR,2388.9784,0,0,offw_connection,offw,FALSE,7percent,FALSE,
116,GRC_offw,wind,2852,86,0,25,0.07,0,0,0.001,GRC,360.5399,0,0,offw_connection,offw,FALSE,7percent,FALSE,
117,HRV_offw,wind,2852,70,0,25,0.07,0,0,0.001,HRV,274.677,0,0,offw_connection,offw,FALSE,7percent,FALSE,
118,IRL_offw,wind,2852,86,0,25,0.07,0,0,0.001,IRL,301.2631,0,0,offw_connection,offw,FALSE,7percent,FALSE,
119,ITA_offw,wind,2852,86,0,25,0.07,0,0,0.001,ITA,601.4324,0,0,offw_connection,offw,FALSE,7percent,FALSE,
120,LTU_offw,wind,2852,86,0,25,0.07,0,0,0.001,LTU,51.2741,0,0,offw_connection,offw,FALSE,7percent,FALSE,
121,LVA_offw,wind,2852,86,0,25,0.07,0,0,0.001,LVA,229.4014,0,0,offw_connection,offw,FALSE,7percent,FALSE,
122,MNE_offw,wind,2852,70,0,25,0.07,0,0,0.001,MNE,5.3215,0,0,offw_connection,offw,FALSE,7percent,FALSE,
123,NLD_offw,wind,2852,91,0,25,0.07,0,0,0.001,NLD,956.1448,0,0,offw_connection,offw,FALSE,7percent,FALSE,
124,NOR_offw,wind,2852,86,0,25,0.07,0,0,0.001,NOR,820.2833,0,0,offw_connection,offw,FALSE,7percent,FALSE,
125,POL_offw,wind,2852,86,0,25,0.07,0,0,0.001,POL,234.2223,0,0,offw_connection,offw,FALSE,7percent,FALSE,
126,PRT_offw,wind,2852,86,0,25,0.07,0,0,0.001,PRT,104.508,0,0,offw_connection,offw,FALSE,7percent,FALSE,
127,ROU_offw,wind,2852,70,0,25,0.07,0,0,0.001,ROU,133.7488,0,0,offw_connection,offw,FALSE,7percent,FALSE,
128,SVN_offw,wind,2852,86,0,25,0.07,0,0,0.001,SVN,3.076,0,0,offw_connection,offw,FALSE,7percent,FALSE,
129,SWE_offw,wind,2852,86,0,25,0.07,0,0,0.001,SWE,1059.104,0,0,offw_connection,offw,FALSE,7percent,FALSE,
130,ALB_onsw,wind,1041,38,0,25,0.07,0,0,0.001,ALB,95.6602,0,0,onsw_connection,onsw,FALSE,7percent,FALSE,
131,AUT_onsw,wind,1041,45,0,25,0.07,0,0,0.001,AUT,216.3916,0,0,onsw_connection,onsw,FALSE,7percent,FALSE,
132,BEL_onsw,wind,1041,45,0,25,0.07,0,0,0.001,BEL,78.251,0,0,onsw_connection,onsw,FALSE,7percent,FALSE,
133,BGR_onsw,wind,1041,38,0,25,0.07,0,0,0.001,BGR,589.0049,0,0,onsw_connection,onsw,FALSE,7percent,FALSE,
134,BIH_onsw,wind,1041,38,0,25,0.07,0,0,0.001,BIH,205.95,0,0,onsw_connection,onsw,FALSE,7percent,FALSE,
135,CHE_onsw,wind,1041,45,0,25,0.07,0,0,0.001,CHE,51.2322,0,0,onsw_connection,onsw,FALSE,7percent,FALSE,
136,CYP_onsw,wind,1041,38,0,25,0.07,0,0,0.001,CYP,24.7058,0,0,onsw_connection,onsw,FALSE,7percent,FALSE,
137,CZE_onsw,wind,1041,45,0,25,0.07,0,0,0.001,CZE,412.4115,0,0,onsw_connection,onsw,FALSE,7percent,FALSE,
138,DEU_onsw,wind,1041,53,0,25,0.07,0,0,0.001,DEU,1501.1084,0,0,onsw_connection,onsw,FALSE,7percent,FALSE,
139,DNK_onsw,wind,1041,40,0,25,0.07,0,0,0.001,DNK,161.6938,0,0,onsw_connection,onsw,FALSE,7percent,FALSE,
140,ESP_onsw,wind,1041,45,0,25,0.07,0,0,0.001,ESP,2798.5452,0,0,onsw_connection,onsw,FALSE,7percent,FALSE,
141,EST_onsw,wind,1041,45,0,25,0.07,0,0,0.001,EST,275.0268,0,0,onsw_connection,onsw,FALSE,7percent,FALSE,
142,FIN_onsw,wind,1041,45,0,25,0.07,0,0,0.001,FIN,2227.6338,0,0,onsw_connection,onsw,FALSE,7percent,FALSE,
143,FRA_onsw,wind,1041,53,0,25,0.07,0,0,0.001,FRA,2242.1652,0,0,onsw_connection,onsw,FALSE,7percent,FALSE,
144,GBR_onsw,wind,1041,41,0,25,0.07,0,0,0.001,GBR,1158.529,0,0,onsw_connection,onsw,FALSE,7percent,FALSE,
145,GRC_onsw,wind,1041,45,0,25,0.07,0,0,0.001,GRC,513.0074,0,0,onsw_connection,onsw,FALSE,7percent,FALSE,
146,HRV_onsw,wind,1041,38,0,25,0.07,0,0,0.001,HRV,256.1394,0,0,onsw_connection,onsw,FALSE,7percent,FALSE,
147,HUN_onsw,wind,1041,45,0,25,0.07,0,0,0.001,HUN,547.9876,0,0,onsw_connection,onsw,FALSE,7percent,FALSE,
148,IRL_onsw,wind,1041,38,0,25,0.07,0,0,0.001,IRL,338.8948,0,0,onsw_connection,onsw,FALSE,7percent,FALSE,
149,ITA_onsw,wind,1041,45,0,25,0.07,0,0,0.001,ITA,935.8255,0,0,onsw_connection,onsw,FALSE,7percent,FALSE,
150,LTU_onsw,wind,1041,45,0,25,0.07,0,0,0.001,LTU,355.7573,0,0,onsw_connection,onsw,FALSE,7percent,FALSE,
151,LUX_onsw,wind,1041,45,0,25,0.07,0,0,0.001,LUX,11.8035,0,0,onsw_connection,onsw,FALSE,7percent,FALSE,
152,LVA_onsw,wind,1041,45,0,25,0.07,0,0,0.001,LVA,397.8007,0,0,onsw_connection,onsw,FALSE,7percent,FALSE,
153,MKD_onsw,wind,1041,38,0,25,0.07,0,0,0.001,MKD,115.777,0,0,onsw_connection,onsw,FALSE,7percent,FALSE,
154,MNE_onsw,wind,1041,38,0,25,0.07,0,0,0.001,MNE,48.4932,0,0,onsw_connection,onsw,FALSE,7percent,FALSE,
155,NLD_onsw,wind,1041,45,0,25,0.07,0,0,0.001,NLD,81.7761,0,0,onsw_connection,onsw,FALSE,7percent,FALSE,
156,NOR_onsw,wind,1041,45,0,25,0.07,0,0,0.001,NOR,1951.1056,0,0,onsw_connection,onsw,FALSE,7percent,FALSE,
157,POL_onsw,wind,1041,45,0,25,0.07,0,0,0.001,POL,1699.4941,0,0,onsw_connection,onsw,FALSE,7percent,FALSE,
158,PRT_onsw,wind,1041,45,0,25,0.07,0,0,0.001,PRT,368.221,0,0,onsw_connection,onsw,FALSE,7percent,FALSE,
159,ROU_onsw,wind,1041,38,0,25,0.07,0,0,0.001,ROU,1288.1147,0,0,onsw_connection,onsw,FALSE,7percent,FALSE,
160,SRB_onsw,wind,1041,38,0,25,0.07,0,0,0.001,SRB,351.1306,0,0,onsw_connection,onsw,FALSE,7percent,FALSE,
161,SVK_onsw,wind,1041,45,0,25,0.07,0,0,0.001,SVK,246.9879,0,0,onsw_connection,onsw,FALSE,7percent,FALSE,
162,SVN_onsw,wind,1041,45,0,25,0.07,0,0,0.001,SVN,61.2107,0,0,onsw_connection,onsw,FALSE,7percent,FALSE,
163,SWE_onsw,wind,1041,45,0,25,0.07,0,0,0.001,SWE,3076.9997,0,0,onsw_connection,onsw,FALSE,7percent,FALSE,
164,ALB_biogas,biogas,4050.51,162.02,0.06,20,0.07,0,2.44,0.5,ALB,25,0,0,other_connections,biogas,TRUE,7percent,FALSE,
165,AUT_biogas,biogas,4050.51,162.02,0.06,20,0.07,0,2.44,0.5,AUT,25,0,0,other_connections,biogas,TRUE,7percent,FALSE,
166,BEL_biogas,biogas,4050.51,162.02,0.06,20,0.07,0,2.44,0.5,BEL,25,0,0,other_connections,biogas,TRUE,7percent,FALSE,
167,BGR_biogas,biogas,4050.51,162.02,0.06,20,0.07,0,2.44,0.5,BGR,25,0,0,other_connections,biogas,TRUE,7percent,FALSE,
168,BIH_biogas,biogas,4050.51,162.02,0.06,20,0.07,0,2.44,0.5,BIH,25,0,0,other_connections,biogas,TRUE,7percent,FALSE,
169,CHE_biogas,biogas,4050.51,162.02,0.06,20,0.07,0,2.44,0.5,CHE,25,0,0,other_connections,biogas,TRUE,7percent,FALSE,
170,CYP_biogas,biogas,4050.51,162.02,0.06,20,0.07,0,2.44,0.5,CYP,25,0,0,other_connections,biogas,TRUE,7percent,FALSE,
171,CZE_biogas,biogas,4050.51,162.02,0.06,20,0.07,0,2.44,0.5,CZE,25,0,0,other_connections,biogas,TRUE,7percent,FALSE,
172,DEU_biogas,biogas,4050.51,162.02,0.06,20,0.07,0,2.44,0.5,DEU,25,0,0,other_connections,biogas,TRUE,7percent,FALSE,
173,DNK_biogas,biogas,4050.51,162.02,0.06,20,0.07,0,2.44,0.5,DNK,25,0,0,other_connections,biogas,TRUE,7percent,FALSE,
174,ESP_biogas,biogas,4050.51,162.02,0.06,20,0.07,0,2.44,0.5,ESP,25,0,0,other_connections,biogas,TRUE,7percent,FALSE,
175,EST_biogas,biogas,4050.51,162.02,0.06,20,0.07,0,2.44,0.5,EST,25,0,0,other_connections,biogas,TRUE,7percent,FALSE,
176,FIN_biogas,biogas,4050.51,162.02,0.06,20,0.07,0,2.44,0.5,FIN,25,0,0,other_connections,biogas,TRUE,7percent,FALSE,
177,FRA_biogas,biogas,4050.51,162.02,0.06,20,0.07,0,2.44,0.5,FRA,25,0,0,other_connections,biogas,TRUE,7percent,FALSE,
178,GBR_biogas,biogas,4050.51,162.02,0.06,20,0.07,0,2.44,0.5,GBR,25,0,0,other_connections,biogas,TRUE,7percent,FALSE,
179,GRC_biogas,biogas,4050.51,162.02,0.06,20,0.07,0,2.44,0.5,GRC,25,0,0,other_connections,biogas,TRUE,7percent,FALSE,
180,HRV_biogas,biogas,4050.51,162.02,0.06,20,0.07,0,2.44,0.5,HRV,25,0,0,other_connections,biogas,TRUE,7percent,FALSE,
181,HUN_biogas,biogas,4050.51,162.02,0.06,20,0.07,0,2.44,0.5,HUN,25,0,0,other_connections,biogas,TRUE,7percent,FALSE,
182,IRL_biogas,biogas,4050.51,162.02,0.06,20,0.07,0,2.44,0.5,IRL,25,0,0,other_connections,biogas,TRUE,7percent,FALSE,
183,ITA_biogas,biogas,4050.51,162.02,0.06,20,0.07,0,2.44,0.5,ITA,25,0,0,other_connections,biogas,TRUE,7percent,FALSE,
184,LTU_biogas,biogas,4050.51,162.02,0.06,20,0.07,0,2.44,0.5,LTU,25,0,0,other_connections,biogas,TRUE,7percent,FALSE,
185,LUX_biogas,biogas,4050.51,162.02,0.06,20,0.07,0,2.44,0.5,LUX,25,0,0,other_connections,biogas,TRUE,7percent,FALSE,
186,LVA_biogas,biogas,4050.51,162.02,0.06,20,0.07,0,2.44,0.5,LVA,25,0,0,other_connections,biogas,TRUE,7percent,FALSE,
187,MKD_biogas,biogas,4050.51,162.02,0.06,20,0.07,0,2.44,0.5,MKD,25,0,0,other_connections,biogas,TRUE,7percent,FALSE,
188,MNE_biogas,biogas,4050.51,162.02,0.06,20,0.07,0,2.44,0.5,MNE,25,0,0,other_connections,biogas,TRUE,7percent,FALSE,
189,NLD_biogas,biogas,4050.51,162.02,0.06,20,0.07,0,2.44,0.5,NLD,25,0,0,other_connections,biogas,TRUE,7percent,FALSE,
190,NOR_biogas,biogas,4050.51,162.02,0.06,20,0.07,0,2.44,0.5,NOR,25,0,0,other_connections,biogas,TRUE,7percent,FALSE,
191,POL_biogas,biogas,4050.51,162.02,0.06,20,0.07,0,2.44,0.5,POL,25,0,0,other_connections,biogas,TRUE,7percent,FALSE,
192,PRT_biogas,biogas,4050.51,162.02,0.06,20,0.07,0,2.44,0.5,PRT,25,0,0,other_connections,biogas,TRUE,7percent,FALSE,
193,ROU_biogas,biogas,4050.51,162.02,0.06,20,0.07,0,2.44,0.5,ROU,25,0,0,other_connections,biogas,TRUE,7percent,FALSE,
194,SRB_biogas,biogas,4050.51,162.02,0.06,20,0.07,0,2.44,0.5,SRB,25,0,0,other_connections,biogas,TRUE,7percent,FALSE,
195,SVK_biogas,biogas,4050.51,162.02,0.06,20,0.07,0,2.44,0.5,SVK,25,0,0,other_connections,biogas,TRUE,7percent,FALSE,
196,SVN_biogas,biogas,4050.51,162.02,0.06,20,0.07,0,2.44,0.5,SVN,25,0,0,other_connections,biogas,TRUE,7percent,FALSE,
197,SWE_biogas,biogas,4050.51,162.02,0.06,20,0.07,0,2.44,0.5,SWE,25,0,0,other_connections,biogas,TRUE,7percent,FALSE,
198,ALB_biomass,biomass,4766.57,190.66,4,20,0.07,0,3.45,0.5,ALB,25,0,0,other_connections,biomass,TRUE,7percent,FALSE,
199,AUT_biomass,biomass,4766.57,190.66,4,20,0.07,0,3.45,0.5,AUT,25,0,0,other_connections,biomass,TRUE,7percent,FALSE,
200,BEL_biomass,biomass,4766.57,190.66,4,20,0.07,0,3.45,0.5,BEL,25,0,0,other_connections,biomass,TRUE,7percent,FALSE,
201,BGR_biomass,biomass,4766.57,190.66,4,20,0.07,0,3.45,0.5,BGR,25,0,0,other_connections,biomass,TRUE,7percent,FALSE,
202,BIH_biomass,biomass,4766.57,190.66,4,20,0.07,0,3.45,0.5,BIH,25,0,0,other_connections,biomass,TRUE,7percent,FALSE,
203,CHE_biomass,biomass,4766.57,190.66,4,20,0.07,0,3.45,0.5,CHE,25,0,0,other_connections,biomass,TRUE,7percent,FALSE,
204,CYP_biomass,biomass,4766.57,190.66,4,20,0.07,0,3.45,0.5,CYP,25,0,0,other_connections,biomass,TRUE,7percent,FALSE,
205,CZE_biomass,biomass,4766.57,190.66,4,20,0.07,0,3.45,0.5,CZE,25,0,0,other_connections,biomass,TRUE,7percent,FALSE,
206,DEU_biomass,biomass,4766.57,190.66,4,20,0.07,0,3.45,0.5,DEU,25,0,0,other_connections,biomass,TRUE,7percent,FALSE,
207,DNK_biomass,biomass,4766.57,190.66,4,20,0.07,0,3.45,0.5,DNK,25,0,0,other_connections,biomass,TRUE,7percent,FALSE,
208,ESP_biomass,biomass,4766.57,190.66,4,20,0.07,0,3.45,0.5,ESP,25,0,0,other_connections,biomass,TRUE,7percent,FALSE,
209,EST_biomass,biomass,4766.57,190.66,4,20,0.07,0,3.45,0.5,EST,25,0,0,other_connections,biomass,TRUE,7percent,FALSE,
210,FIN_biomass,biomass,4766.57,190.66,4,20,0.07,0,3.45,0.5,FIN,25,0,0,other_connections,biomass,TRUE,7percent,FALSE,
211,FRA_biomass,biomass,4766.57,190.66,4,20,0.07,0,3.45,0.5,FRA,25,0,0,other_connections,biomass,TRUE,7percent,FALSE,
212,GBR_biomass,biomass,4766.57,190.66,4,20,0.07,0,3.45,0.5,GBR,25,0,0,other_connections,biomass,TRUE,7percent,FALSE,
213,GRC_biomass,biomass,4766.57,190.66,4,20,0.07,0,3.45,0.5,GRC,25,0,0,other_connections,biomass,TRUE,7percent,FALSE,
214,HRV_biomass,biomass,4766.57,190.66,4,20,0.07,0,3.45,0.5,HRV,25,0,0,other_connections,biomass,TRUE,7percent,FALSE,
215,HUN_biomass,biomass,4766.57,190.66,4,20,0.07,0,3.45,0.5,HUN,25,0,0,other_connections,biomass,TRUE,7percent,FALSE,
216,IRL_biomass,biomass,4766.57,190.66,4,20,0.07,0,3.45,0.5,IRL,25,0,0,other_connections,biomass,TRUE,7percent,FALSE,
217,ITA_biomass,biomass,4766.57,190.66,4,20,0.07,0,3.45,0.5,ITA,25,0,0,other_connections,biomass,TRUE,7percent,FALSE,
218,LTU_biomass,biomass,4766.57,190.66,4,20,0.07,0,3.45,0.5,LTU,25,0,0,other_connections,biomass,TRUE,7percent,FALSE,
219,LUX_biomass,biomass,4766.57,190.66,4,20,0.07,0,3.45,0.5,LUX,25,0,0,other_connections,biomass,TRUE,7percent,FALSE,
220,LVA_biomass,biomass,4766.57,190.66,4,20,0.07,0,3.45,0.5,LVA,25,0,0,other_connections,biomass,TRUE,7percent,FALSE,
221,MKD_biomass,biomass,4766.57,190.66,4,20,0.07,0,3.45,0.5,MKD,25,0,0,other_connections,biomass,TRUE,7percent,FALSE,
222,MNE_biomass,biomass,4766.57,190.66,4,20,0.07,0,3.45,0.5,MNE,25,0,0,other_connections,biomass,TRUE,7percent,FALSE,
223,NLD_biomass,biomass,4766.57,190.66,4,20,0.07,0,3.45,0.5,NLD,25,0,0,other_connections,biomass,TRUE,7percent,FALSE,
224,NOR_biomass,biomass,4766.57,190.66,4,20,0.07,0,3.45,0.5,NOR,25,0,0,other_connections,biomass,TRUE,7percent,FALSE,
225,POL_biomass,biomass,4766.57,190.66,4,20,0.07,0,3.45,0.5,POL,25,0,0,other_connections,biomass,TRUE,7percent,FALSE,
226,PRT_biomass,biomass,4766.57,190.66,4,20,0.07,0,3.45,0.5,PRT,25,0,0,other_connections,biomass,TRUE,7percent,FALSE,
227,ROU_biomass,biomass,4766.57,190.66,4,20,0.07,0,3.45,0.5,ROU,25,0,0,other_connections,biomass,TRUE,7percent,FALSE,
228,SRB_biomass,biomass,4766.57,190.66,4,20,0.07,0,3.45,0.5,SRB,25,0,0,other_connections,biomass,TRUE,7percent,FALSE,
229,SVK_biomass,biomass,4766.57,190.66,4,20,0.07,0,3.45,0.5,SVK,25,0,0,other_connections,biomass,TRUE,7percent,FALSE,
230,SVN_biomass,biomass,4766.57,190.66,4,20,0.07,0,3.45,0.5,SVN,25,0,0,other_connections,biomass,TRUE,7percent,FALSE,
231,SWE_biomass,biomass,4766.57,190.66,4,20,0.07,0,3.45,0.5,SWE,25,0,0,other_connections,biomass,TRUE,7percent,FALSE,
232,ALB_ccgt,gas,987.5,17.75,3.88,25,0.07,0,1.72,0.5,ALB,250,0,0,other_connections,ccgt,TRUE,7percent,FALSE,
233,AUT_ccgt,gas,987.5,17.75,3.88,25,0.07,0,1.72,0.5,AUT,250,0,0,other_connections,ccgt,TRUE,7percent,FALSE,
234,BEL_ccgt,gas,987.5,17.75,3.88,25,0.07,0,1.72,0.5,BEL,250,0,0,other_connections,ccgt,TRUE,7percent,FALSE,
235,BGR_ccgt,gas,987.5,17.75,3.88,25,0.07,0,1.72,0.5,BGR,250,0,0,other_connections,ccgt,TRUE,7percent,FALSE,
236,BIH_ccgt,gas,987.5,17.75,3.88,25,0.07,0,1.72,0.5,BIH,250,0,0,other_connections,ccgt,TRUE,7percent,FALSE,
237,CHE_ccgt,gas,987.5,17.75,3.88,25,0.07,0,1.72,0.5,CHE,250,0,0,other_connections,ccgt,TRUE,7percent,FALSE,
238,CYP_ccgt,gas,987.5,17.75,3.88,25,0.07,0,1.72,0.5,CYP,250,0,0,other_connections,ccgt,TRUE,7percent,FALSE,
239,CZE_ccgt,gas,987.5,17.75,3.88,25,0.07,0,1.72,0.5,CZE,250,0,0,other_connections,ccgt,TRUE,7percent,FALSE,
240,DEU_ccgt,gas,987.5,17.75,3.88,25,0.07,0,1.72,0.5,DEU,250,0,0,other_connections,ccgt,TRUE,7percent,FALSE,
241,DNK_ccgt,gas,987.5,17.75,3.88,25,0.07,0,1.72,0.5,DNK,250,0,0,other_connections,ccgt,TRUE,7percent,FALSE,
242,ESP_ccgt,gas,987.5,17.75,3.88,25,0.07,0,1.72,0.5,ESP,250,0,0,other_connections,ccgt,TRUE,7percent,FALSE,
243,EST_ccgt,gas,987.5,17.75,3.88,25,0.07,0,1.72,0.5,EST,250,0,0,other_connections,ccgt,TRUE,7percent,FALSE,
244,FIN_ccgt,gas,987.5,17.75,3.88,25,0.07,0,1.72,0.5,FIN,250,0,0,other_connections,ccgt,TRUE,7percent,FALSE,
245,FRA_ccgt,gas,987.5,17.75,3.88,25,0.07,0,1.72,0.5,FRA,250,0,0,other_connections,ccgt,TRUE,7percent,FALSE,
246,GBR_ccgt,gas,987.5,17.75,3.88,25,0.07,0,1.72,0.5,GBR,250,0,0,other_connections,ccgt,TRUE,7percent,FALSE,
247,GRC_ccgt,gas,987.5,17.75,3.88,25,0.07,0,1.72,0.5,GRC,250,0,0,other_connections,ccgt,TRUE,7percent,FALSE,
248,HRV_ccgt,gas,987.5,17.75,3.88,25,0.07,0,1.72,0.5,HRV,250,0,0,other_connections,ccgt,TRUE,7percent,FALSE,
249,HUN_ccgt,gas,987.5,17.75,3.88,25,0.07,0,1.72,0.5,HUN,250,0,0,other_connections,ccgt,TRUE,7percent,FALSE,
250,IRL_ccgt,gas,987.5,17.75,3.88,25,0.07,0,1.72,0.5,IRL,250,0,0,other_connections,ccgt,TRUE,7percent,FALSE,
251,ITA_ccgt,gas,987.5,17.75,3.88,25,0.07,0,1.72,0.5,ITA,250,0,0,other_connections,ccgt,TRUE,7percent,FALSE,
252,LTU_ccgt,gas,987.5,17.75,3.88,25,0.07,0,1.72,0.5,LTU,250,0,0,other_connections,ccgt,TRUE,7percent,FALSE,
253,LUX_ccgt,gas,987.5,17.75,3.88,25,0.07,0,1.72,0.5,LUX,250,0,0,other_connections,ccgt,TRUE,7percent,FALSE,
254,LVA_ccgt,gas,987.5,17.75,3.88,25,0.07,0,1.72,0.5,LVA,250,0,0,other_connections,ccgt,TRUE,7percent,FALSE,
255,MKD_ccgt,gas,987.5,17.75,3.88,25,0.07,0,1.72,0.5,MKD,250,0,0,other_connections,ccgt,TRUE,7percent,FALSE,
256,MNE_ccgt,gas,987.5,17.75,3.88,25,0.07,0,1.72,0.5,MNE,250,0,0,other_connections,ccgt,TRUE,7percent,FALSE,
257,NLD_ccgt,gas,987.5,17.75,3.88,25,0.07,0,1.72,0.5,NLD,250,0,0,other_connections,ccgt,TRUE,7percent,FALSE,
258,NOR_ccgt,gas,987.5,17.75,3.88,25,0.07,0,1.72,0.5,NOR,250,0,0,other_connections,ccgt,TRUE,7percent,FALSE,
259,POL_ccgt,gas,987.5,17.75,3.88,25,0.07,0,1.72,0.5,POL,250,0,0,other_connections,ccgt,TRUE,7percent,FALSE,
260,PRT_ccgt,gas,987.5,17.75,3.88,25,0.07,0,1.72,0.5,PRT,250,0,0,other_connections,ccgt,TRUE,7percent,FALSE,
261,ROU_ccgt,gas,987.5,17.75,3.88,25,0.07,0,1.72,0.5,ROU,250,0,0,other_connections,ccgt,TRUE,7percent,FALSE,
262,SRB_ccgt,gas,987.5,17.75,3.88,25,0.07,0,1.72,0.5,SRB,250,0,0,other_connections,ccgt,TRUE,7percent,FALSE,
263,SVK_ccgt,gas,987.5,17.75,3.88,25,0.07,0,1.72,0.5,SVK,250,0,0,other_connections,ccgt,TRUE,7percent,FALSE,
264,SVN_ccgt,gas,987.5,17.75,3.88,25,0.07,0,1.72,0.5,SVN,250,0,0,other_connections,ccgt,TRUE,7percent,FALSE,
265,SWE_ccgt,gas,987.5,17.75,3.88,25,0.07,0,1.72,0.5,SWE,250,0,0,other_connections,ccgt,TRUE,7percent,FALSE,
266,BEL_nuclear,nuclear,7349.6,176.75,0,50,0.07,0,3.03,1,BEL,250,0,0,other_connections,nuclear,FALSE,7percent,FALSE,
267,BGR_nuclear,nuclear,7349.6,176.75,0,50,0.07,0,3.03,1,BGR,250,2,0,other_connections,nuclear,FALSE,7percent,FALSE,
268,CHE_nuclear,nuclear,7349.6,176.75,0,50,0.07,0,3.03,1,CHE,250,0,0,other_connections,nuclear,FALSE,7percent,FALSE,
269,CZE_nuclear,nuclear,7349.6,176.75,0,50,0.07,0,3.03,1,CZE,250,5.415,2.056,other_connections,nuclear,FALSE,7percent,FALSE,
270,ESP_nuclear,nuclear,7349.6,176.75,0,50,0.07,0,3.03,1,ESP,250,0,0,other_connections,nuclear,FALSE,7percent,FALSE,
271,EST_nuclear,nuclear,7349.6,176.75,0,50,0.07,0,3.03,1,EST,250,0,0,other_connections,nuclear,FALSE,7percent,FALSE,
272,FIN_nuclear,nuclear,7349.6,176.75,0,50,0.07,0,3.03,1,FIN,250,0,1.634,other_connections,nuclear,FALSE,7percent,FALSE,
273,FRA_nuclear,nuclear,7349.6,176.75,0,50,0.07,0,3.03,1,FRA,250,9.405,7.497,other_connections,nuclear,FALSE,7percent,FALSE,
274,GBR_nuclear,nuclear,7349.6,176.75,0,50,0.07,0,3.03,1,GBR,250,5.149,0,other_connections,nuclear,FALSE,7percent,FALSE,
275,HUN_nuclear,nuclear,7349.6,176.75,0,50,0.07,0,3.03,1,HUN,250,2.404,0,other_connections,nuclear,FALSE,7percent,FALSE,
276,NLD_nuclear,nuclear,7349.6,176.75,0,50,0.07,0,3.03,1,NLD,250,0,0,other_connections,nuclear,FALSE,7percent,FALSE,
277,NOR_nuclear,nuclear,7349.6,176.75,0,50,0.07,0,3.03,1,NOR,250,0,0,other_connections,nuclear,FALSE,7percent,FALSE,
278,POL_nuclear,nuclear,7349.6,176.75,0,50,0.07,0,3.03,1,POL,250,3.135,0,other_connections,nuclear,FALSE,7percent,FALSE,
279,ROU_nuclear,nuclear,7349.6,176.75,0,50,0.07,0,3.03,1,ROU,250,1.807,0.67,other_connections,nuclear,FALSE,7percent,FALSE,
280,SVK_nuclear,nuclear,7349.6,176.75,0,50,0.07,0,3.03,1,SVK,250,1.14,0.922,other_connections,nuclear,FALSE,7percent,FALSE,
281,SVN_nuclear,nuclear,7349.6,176.75,0,50,0.07,0,3.03,1,SVN,250,1.045,0,other_connections,nuclear,FALSE,7percent,FALSE,
282,SWE_nuclear,nuclear,7349.6,176.75,0,50,0.07,0,3.03,1,SWE,250,0,0,other_connections,nuclear,FALSE,7percent,FALSE,
283,BEL_nuclear_LTE,nuclear,786.15,16.12,0,20,0.07,0,3.03,1,BEL,1.96,0,0,other_connections,nuclear_LTE,FALSE,7percent,FALSE,
284,BGR_nuclear_LTE,nuclear,786.15,16.12,0,20,0.07,0,3.03,1,BGR,1.87,0,0,other_connections,nuclear_LTE,FALSE,7percent,FALSE,
285,CHE_nuclear_LTE,nuclear,786.15,16.12,0,20,0.07,0,3.03,1,CHE,1.15,0,0,other_connections,nuclear_LTE,FALSE,7percent,FALSE,
286,CZE_nuclear_LTE,nuclear,786.15,16.12,0,20,0.07,0,3.03,1,CZE,1.8,0,0,other_connections,nuclear_LTE,FALSE,7percent,FALSE,
287,ESP_nuclear_LTE,nuclear,786.15,16.12,0,20,0.07,0,3.03,1,ESP,6.67,0,0,other_connections,nuclear_LTE,FALSE,7percent,FALSE,
288,FIN_nuclear_LTE,nuclear,786.15,16.12,0,20,0.07,0,3.03,1,FIN,1.31,0,0,other_connections,nuclear_LTE,FALSE,7percent,FALSE,
289,FRA_nuclear_LTE,nuclear,786.15,16.12,0,20,0.07,0,3.03,1,FRA,49.49,0,0,other_connections,nuclear_LTE,FALSE,7percent,FALSE,
290,GBR_nuclear_LTE,nuclear,786.15,16.12,0,20,0.07,0,3.03,1,GBR,5.88,0,0,other_connections,nuclear_LTE,FALSE,7percent,FALSE,
291,HUN_nuclear_LTE,nuclear,786.15,16.12,0,20,0.07,0,3.03,1,HUN,1.82,0,0,other_connections,nuclear_LTE,FALSE,7percent,FALSE,
292,ROU_nuclear_LTE,nuclear,786.15,16.12,0,20,0.07,0,3.03,1,ROU,0.635,0,0,other_connections,nuclear_LTE,FALSE,7percent,FALSE,
293,SVK_nuclear_LTE,nuclear,786.15,16.12,0,20,0.07,0,3.03,1,SVK,1.35,0,0,other_connections,nuclear_LTE,FALSE,7percent,FALSE,
294,SVN_nuclear_LTE,nuclear,786.15,16.12,0,20,0.07,0,3.03,1,SVN,0.654,0,0,other_connections,nuclear_LTE,FALSE,7percent,FALSE,
295,SWE_nuclear_LTE,nuclear,786.15,16.12,0,20,0.07,0,3.03,1,SWE,6.466,0,0,other_connections,nuclear_LTE,FALSE,7percent,FALSE,
296,HRV_geotherm,geothermal,4015,174.83,0,25,0.07,0,0,0.001,HRV,0,0,0.01,other_connections,geothermal,TRUE,7percent,FALSE,
297,FRA_geotherm,geothermal,4015,174.83,0,25,0.07,0,0,0.001,FRA,0,0,0.016,other_connections,geothermal,TRUE,7percent,FALSE,
298,DEU_geotherm,geothermal,4015,174.83,0,25,0.07,0,0,0.001,DEU,0,0,0.052,other_connections,geothermal,TRUE,7percent,FALSE,
299,ITA_geotherm,geothermal,4015,174.83,0,25,0.07,0,0,0.001,ITA,0,0,0.772,other_connections,geothermal,TRUE,7percent,FALSE,
300,PRT_geotherm,geothermal,4015,174.83,0,25,0.07,0,0,0.001,PRT,0,0,0.029,other_connections,geothermal,TRUE,7percent,FALSE,
