id,name,fuel,capex,fom,vom,lifetime,discount_rate,heat_rate_base,heat_rate_incr,unit_size,node,max_build,min_build,initial_capacity,line,unit_type,scenarios,near_optimum,range_group
0,AUT_hydro,water,3370.0,101.1,0.005,60.0,0.07,0.0,0.0,0.001,AUT,0.0,0.0,5.239920000000001,other_connections,flexible,"Base,ZeroCarbon,Re100",False,
1,BEL_hydro,water,3370.0,101.1,0.005,60.0,0.07,0.0,0.0,0.001,BEL,0.0,0.0,0.0127356687898088,other_connections,flexible,"Base,ZeroCarbon,Re100",False,
2,BGR_hydro,water,3370.0,101.1,0.005,60.0,0.07,0.0,0.0,0.001,BGR,0.0,0.0,1.49954,other_connections,flexible,"Base,ZeroCarbon,Re100",False,
3,HRV_hydro,water,3370.0,101.1,0.005,60.0,0.07,0.0,0.0,0.001,HRV,0.0,0.0,1.327624458598727,other_connections,flexible,"Base,ZeroCarbon,Re100",False,
4,CYP_hydro,water,3370.0,101.1,0.005,60.0,0.07,0.0,0.0,0.001,CYP,0.0,0.0,0.0,other_connections,flexible,"Base,ZeroCarbon,Re100",False,
5,CZE_hydro,water,3370.0,101.1,0.005,60.0,0.07,0.0,0.0,0.001,CZE,0.0,0.0,0.7114839022845104,other_connections,flexible,"Base,ZeroCarbon,Re100",False,
6,DNK_hydro,water,3370.0,101.1,0.005,60.0,0.07,0.0,0.0,0.001,DNK,0.0,0.0,0.0,other_connections,flexible,"Base,ZeroCarbon,Re100",False,
7,EST_hydro,water,3370.0,101.1,0.005,60.0,0.07,0.0,0.0,0.001,EST,0.0,0.0,0.0,other_connections,flexible,"Base,ZeroCarbon,Re100",False,
8,FIN_hydro,water,3370.0,101.1,0.005,60.0,0.07,0.0,0.0,0.001,FIN,0.0,0.0,1.3450000000000002,other_connections,flexible,"Base,ZeroCarbon,Re100",False,
9,FRA_hydro,water,3370.0,101.1,0.005,60.0,0.07,0.0,0.0,0.001,FRA,0.0,0.0,9.469638216560506,other_connections,flexible,"Base,ZeroCarbon,Re100",False,
10,DEU_hydro,water,3370.0,101.1,0.005,60.0,0.07,0.0,0.0,0.001,DEU,0.0,0.0,0.2028,other_connections,flexible,"Base,ZeroCarbon,Re100",False,
11,GRC_hydro,water,3370.0,101.1,0.005,60.0,0.07,0.0,0.0,0.001,GRC,0.0,0.0,2.5862,other_connections,flexible,"Base,ZeroCarbon,Re100",False,
12,HUN_hydro,water,3370.0,101.1,0.005,60.0,0.07,0.0,0.0,0.001,HUN,0.0,0.0,0.028,other_connections,flexible,"Base,ZeroCarbon,Re100",False,
13,IRL_hydro,water,3370.0,101.1,0.005,60.0,0.07,0.0,0.0,0.001,IRL,0.0,0.0,0.001,other_connections,flexible,"Base,ZeroCarbon,Re100",False,
14,ITA_hydro,water,3370.0,101.1,0.005,60.0,0.07,0.0,0.0,0.001,ITA,0.0,0.0,5.528240000000001,other_connections,flexible,"Base,ZeroCarbon,Re100",False,
15,LVA_hydro,water,3370.0,101.1,0.005,60.0,0.07,0.0,0.0,0.001,LVA,0.0,0.0,0.8840000000000001,other_connections,flexible,"Base,ZeroCarbon,Re100",False,
16,LTU_hydro,water,3370.0,101.1,0.005,60.0,0.07,0.0,0.0,0.001,LTU,0.0,0.0,0.101,other_connections,flexible,"Base,ZeroCarbon,Re100",False,
17,LUX_hydro,water,3370.0,101.1,0.005,60.0,0.07,0.0,0.0,0.001,LUX,0.0,0.0,0.0,other_connections,flexible,"Base,ZeroCarbon,Re100",False,
18,NLD_hydro,water,3370.0,101.1,0.005,60.0,0.07,0.0,0.0,0.001,NLD,0.0,0.0,0.0,other_connections,flexible,"Base,ZeroCarbon,Re100",False,
19,POL_hydro,water,3370.0,101.1,0.005,60.0,0.07,0.0,0.0,0.001,POL,0.0,0.0,0.4125063694267517,other_connections,flexible,"Base,ZeroCarbon,Re100",False,
20,PRT_hydro,water,3370.0,101.1,0.005,60.0,0.07,0.0,0.0,0.001,PRT,0.0,0.0,1.3354,other_connections,flexible,"Base,ZeroCarbon,Re100",False,
21,ROU_hydro,water,3370.0,101.1,0.005,60.0,0.07,0.0,0.0,0.001,ROU,0.0,0.0,5.273480127388535,other_connections,flexible,"Base,ZeroCarbon,Re100",False,
22,SVK_hydro,water,3370.0,101.1,0.005,60.0,0.07,0.0,0.0,0.001,SVK,0.0,0.0,0.792,other_connections,flexible,"Base,ZeroCarbon,Re100",False,
23,SVN_hydro,water,3370.0,101.1,0.005,60.0,0.07,0.0,0.0,0.001,SVN,0.0,0.0,0.60219,other_connections,flexible,"Base,ZeroCarbon,Re100",False,
24,ESP_hydro,water,3370.0,101.1,0.005,60.0,0.07,0.0,0.0,0.001,ESP,0.0,0.0,8.364235,other_connections,flexible,"Base,ZeroCarbon,Re100",False,
25,SWE_hydro,water,3370.0,101.1,0.005,60.0,0.07,0.0,0.0,0.001,SWE,0.0,0.0,11.674063516863036,other_connections,flexible,"Base,ZeroCarbon,Re100",False,
26,GBR_hydro,water,3370.0,101.1,0.005,60.0,0.07,0.0,0.0,0.001,GBR,0.0,0.0,0.524,other_connections,flexible,"Base,ZeroCarbon,Re100",False,
27,ALB_hydro,water,3370.0,101.1,0.005,60.0,0.07,0.0,0.0,0.001,ALB,0.0,0.0,1.7602000000000002,other_connections,flexible,"Base,ZeroCarbon,Re100",False,
28,BIH_hydro,water,3370.0,101.1,0.005,60.0,0.07,0.0,0.0,0.001,BIH,0.0,0.0,1.5695,other_connections,flexible,"Base,ZeroCarbon,Re100",False,
29,MKD_hydro,water,3370.0,101.1,0.005,60.0,0.07,0.0,0.0,0.001,MKD,0.0,0.0,0.449,other_connections,flexible,"Base,ZeroCarbon,Re100",False,
30,MNE_hydro,water,3370.0,101.1,0.005,60.0,0.07,0.0,0.0,0.001,MNE,0.0,0.0,0.362961,other_connections,flexible,"Base,ZeroCarbon,Re100",False,
31,NOR_hydro,water,3370.0,101.1,0.005,60.0,0.07,0.0,0.0,0.001,NOR,0.0,0.0,31.754310000000004,other_connections,flexible,"Base,ZeroCarbon,Re100",False,
32,SRB_hydro,water,3370.0,101.1,0.005,60.0,0.07,0.0,0.0,0.001,SRB,0.0,0.0,1.8753,other_connections,flexible,"Base,ZeroCarbon,Re100",False,
33,CHE_hydro,water,3370.0,101.1,0.005,60.0,0.07,0.0,0.0,0.001,CHE,0.0,0.0,9.12793,other_connections,flexible,"Base,ZeroCarbon,Re100",False,
34,ISL_hydro,water,3370.0,101.1,0.005,60.0,0.07,0.0,0.0,0.001,ISL,0.0,0.0,0.0,other_connections,flexible,"Base,ZeroCarbon,Re100",False,
35,AUT_ror,water,5620.0,168.6,0.005,60.0,0.07,0.0,0.0,0.001,AUT,0.0,0.0,4.47361686825811,other_connections,ror,"Base,ZeroCarbon,Re100",False,
36,BEL_ror,water,5620.0,168.6,0.005,60.0,0.07,0.0,0.0,0.001,BEL,0.0,0.0,0.0590153397425791,other_connections,ror,"Base,ZeroCarbon,Re100",False,
37,BGR_ror,water,5620.0,168.6,0.005,60.0,0.07,0.0,0.0,0.001,BGR,0.0,0.0,0.0224,other_connections,ror,"Base,ZeroCarbon,Re100",False,
38,HRV_ror,water,5620.0,168.6,0.005,60.0,0.07,0.0,0.0,0.001,HRV,0.0,0.0,0.2786677302916768,other_connections,ror,"Base,ZeroCarbon,Re100",False,
39,CYP_ror,water,5620.0,168.6,0.005,60.0,0.07,0.0,0.0,0.001,CYP,0.0,0.0,0.0,other_connections,ror,"Base,ZeroCarbon,Re100",False,
40,CZE_ror,water,5620.0,168.6,0.005,60.0,0.07,0.0,0.0,0.001,CZE,0.0,0.0,0.040226382271496,other_connections,ror,"Base,ZeroCarbon,Re100",False,
41,DNK_ror,water,5620.0,168.6,0.005,60.0,0.07,0.0,0.0,0.001,DNK,0.0,0.0,0.0,other_connections,ror,"Base,ZeroCarbon,Re100",False,
42,EST_ror,water,5620.0,168.6,0.005,60.0,0.07,0.0,0.0,0.001,EST,0.0,0.0,0.0,other_connections,ror,"Base,ZeroCarbon,Re100",False,
43,FIN_ror,water,5620.0,168.6,0.005,60.0,0.07,0.0,0.0,0.001,FIN,0.0,0.0,1.34095,other_connections,ror,"Base,ZeroCarbon,Re100",False,
44,FRA_ror,water,5620.0,168.6,0.005,60.0,0.07,0.0,0.0,0.001,FRA,0.0,0.0,6.331332562490507,other_connections,ror,"Base,ZeroCarbon,Re100",False,
45,DEU_ror,water,5620.0,168.6,0.005,60.0,0.07,0.0,0.0,0.001,DEU,0.0,0.0,3.53289555,other_connections,ror,"Base,ZeroCarbon,Re100",False,
46,GRC_ror,water,5620.0,168.6,0.005,60.0,0.07,0.0,0.0,0.001,GRC,0.0,0.0,0.110315,other_connections,ror,"Base,ZeroCarbon,Re100",False,
47,HUN_ror,water,5620.0,168.6,0.005,60.0,0.07,0.0,0.0,0.001,HUN,0.0,0.0,0.0197,other_connections,ror,"Base,ZeroCarbon,Re100",False,
48,IRL_ror,water,5620.0,168.6,0.005,60.0,0.07,0.0,0.0,0.001,IRL,0.0,0.0,0.216,other_connections,ror,"Base,ZeroCarbon,Re100",False,
49,ITA_ror,water,5620.0,168.6,0.005,60.0,0.07,0.0,0.0,0.001,ITA,0.0,0.0,5.901960000000001,other_connections,ror,"Base,ZeroCarbon,Re100",False,
50,LVA_ror,water,5620.0,168.6,0.005,60.0,0.07,0.0,0.0,0.001,LVA,0.0,0.0,0.6421,other_connections,ror,"Base,ZeroCarbon,Re100",False,
51,LTU_ror,water,5620.0,168.6,0.005,60.0,0.07,0.0,0.0,0.001,LTU,0.0,0.0,0.0,other_connections,ror,"Base,ZeroCarbon,Re100",False,
52,LUX_ror,water,5620.0,168.6,0.005,60.0,0.07,0.0,0.0,0.001,LUX,0.0,0.0,0.0,other_connections,ror,"Base,ZeroCarbon,Re100",False,
53,NLD_ror,water,5620.0,168.6,0.005,60.0,0.07,0.0,0.0,0.001,NLD,0.0,0.0,0.0,other_connections,ror,"Base,ZeroCarbon,Re100",False,
54,POL_ror,water,5620.0,168.6,0.005,60.0,0.07,0.0,0.0,0.001,POL,0.0,0.0,0.0144003687795439,other_connections,ror,"Base,ZeroCarbon,Re100",False,
55,PRT_ror,water,5620.0,168.6,0.005,60.0,0.07,0.0,0.0,0.001,PRT,0.0,0.0,1.6155,other_connections,ror,"Base,ZeroCarbon,Re100",False,
56,ROU_ror,water,5620.0,168.6,0.005,60.0,0.07,0.0,0.0,0.001,ROU,0.0,0.0,0.8704500000000001,other_connections,ror,"Base,ZeroCarbon,Re100",False,
57,SVK_ror,water,5620.0,168.6,0.005,60.0,0.07,0.0,0.0,0.001,SVK,0.0,0.0,0.6413300000000002,other_connections,ror,"Base,ZeroCarbon,Re100",False,
58,SVN_ror,water,5620.0,168.6,0.005,60.0,0.07,0.0,0.0,0.001,SVN,0.0,0.0,0.451415,other_connections,ror,"Base,ZeroCarbon,Re100",False,
59,ESP_ror,water,5620.0,168.6,0.005,60.0,0.07,0.0,0.0,0.001,ESP,0.0,0.0,0.1470082475,other_connections,ror,"Base,ZeroCarbon,Re100",False,
60,SWE_ror,water,5620.0,168.6,0.005,60.0,0.07,0.0,0.0,0.001,SWE,0.0,0.0,1.995,other_connections,ror,"Base,ZeroCarbon,Re100",False,
61,GBR_ror,water,5620.0,168.6,0.005,60.0,0.07,0.0,0.0,0.001,GBR,0.0,0.0,0.8484750000000001,other_connections,ror,"Base,ZeroCarbon,Re100",False,
62,ALB_ror,water,5620.0,168.6,0.005,60.0,0.07,0.0,0.0,0.001,ALB,0.0,0.0,0.3623159999999999,other_connections,ror,"Base,ZeroCarbon,Re100",False,
63,BIH_ror,water,5620.0,168.6,0.005,60.0,0.07,0.0,0.0,0.001,BIH,0.0,0.0,0.096,other_connections,ror,"Base,ZeroCarbon,Re100",False,
64,MKD_ror,water,5620.0,168.6,0.005,60.0,0.07,0.0,0.0,0.001,MKD,0.0,0.0,0.0416,other_connections,ror,"Base,ZeroCarbon,Re100",False,
65,MNE_ror,water,5620.0,168.6,0.005,60.0,0.07,0.0,0.0,0.001,MNE,0.0,0.0,0.31236,other_connections,ror,"Base,ZeroCarbon,Re100",False,
66,NOR_ror,water,5620.0,168.6,0.005,60.0,0.07,0.0,0.0,0.001,NOR,0.0,0.0,0.0,other_connections,ror,"Base,ZeroCarbon,Re100",False,
67,SRB_ror,water,5620.0,168.6,0.005,60.0,0.07,0.0,0.0,0.001,SRB,0.0,0.0,0.215,other_connections,ror,"Base,ZeroCarbon,Re100",False,
68,CHE_ror,water,5620.0,168.6,0.005,60.0,0.07,0.0,0.0,0.001,CHE,0.0,0.0,4.052879800000001,other_connections,ror,"Base,ZeroCarbon,Re100",False,
69,ISL_ror,water,5620.0,168.6,0.005,60.0,0.07,0.0,0.0,0.001,ISL,0.0,0.0,0.0,other_connections,ror,"Base,ZeroCarbon,Re100",False,
70,AUT_pv,solar,240.0,5.0,0.0,25.0,0.07,0.0,0.0,0.001,AUT,793.0754778909683,0.0,0.0,pv_connection,solar,"Base,ZeroCarbon,Re100",False,
71,BEL_pv,solar,240.0,5.0,0.0,25.0,0.07,0.0,0.0,0.001,BEL,403.1731929513812,0.0,0.0,pv_connection,solar,"Base,ZeroCarbon,Re100",False,
72,BGR_pv,solar,240.0,5.0,0.0,25.0,0.07,0.0,0.0,0.001,BGR,3388.0950120979546,0.0,0.0,pv_connection,solar,"Base,ZeroCarbon,Re100",False,
73,HRV_pv,solar,240.0,5.0,0.0,25.0,0.07,0.0,0.0,0.001,HRV,1260.0351141273975,0.0,0.0,pv_connection,solar,"Base,ZeroCarbon,Re100",False,
74,CYP_pv,solar,240.0,5.0,0.0,25.0,0.07,0.0,0.0,0.001,CYP,153.6287847965956,0.0,0.0,pv_connection,solar,"Base,ZeroCarbon,Re100",False,
75,CZE_pv,solar,240.0,5.0,0.0,25.0,0.07,0.0,0.0,0.001,CZE,2086.5555395966767,0.0,0.0,pv_connection,solar,"Base,ZeroCarbon,Re100",False,
76,DNK_pv,solar,240.0,5.0,0.0,25.0,0.07,0.0,0.0,0.001,DNK,1201.429363821745,0.0,0.0,pv_connection,solar,"Base,ZeroCarbon,Re100",False,
77,EST_pv,solar,240.0,5.0,0.0,25.0,0.07,0.0,0.0,0.001,EST,953.3236742931604,0.0,0.0,pv_connection,solar,"Base,ZeroCarbon,Re100",False,
78,FIN_pv,solar,240.0,5.0,0.0,25.0,0.07,0.0,0.0,0.001,FIN,5110.807301015854,0.0,0.0,pv_connection,solar,"Base,ZeroCarbon,Re100",False,
79,FRA_pv,solar,240.0,5.0,0.0,25.0,0.07,0.0,0.0,0.001,FRA,15070.415661881569,0.0,0.0,pv_connection,solar,"Base,ZeroCarbon,Re100",False,
80,DEU_pv,solar,240.0,5.0,0.0,25.0,0.07,0.0,0.0,0.001,DEU,8154.6197862228755,0.0,0.0,pv_connection,solar,"Base,ZeroCarbon,Re100",False,
81,GRC_pv,solar,240.0,5.0,0.0,25.0,0.07,0.0,0.0,0.001,GRC,2078.156188011169,0.0,0.0,pv_connection,solar,"Base,ZeroCarbon,Re100",False,
82,HUN_pv,solar,240.0,5.0,0.0,25.0,0.07,0.0,0.0,0.001,HUN,4592.149454929233,0.0,0.0,pv_connection,solar,"Base,ZeroCarbon,Re100",False,
83,IRL_pv,solar,240.0,5.0,0.0,25.0,0.07,0.0,0.0,0.001,IRL,2270.303191362917,0.0,0.0,pv_connection,solar,"Base,ZeroCarbon,Re100",False,
84,ITA_pv,solar,240.0,5.0,0.0,25.0,0.07,0.0,0.0,0.001,ITA,4440.424587222337,0.0,0.0,pv_connection,solar,"Base,ZeroCarbon,Re100",False,
85,LVA_pv,solar,240.0,5.0,0.0,25.0,0.07,0.0,0.0,0.001,LVA,1464.7086928477886,0.0,0.0,pv_connection,solar,"Base,ZeroCarbon,Re100",False,
86,LTU_pv,solar,240.0,5.0,0.0,25.0,0.07,0.0,0.0,0.001,LTU,1874.25575861156,0.0,0.0,pv_connection,solar,"Base,ZeroCarbon,Re100",False,
87,LUX_pv,solar,240.0,5.0,0.0,25.0,0.07,0.0,0.0,0.001,LUX,52.69595312416554,0.0,0.0,pv_connection,solar,"Base,ZeroCarbon,Re100",False,
88,NLD_pv,solar,240.0,5.0,0.0,25.0,0.07,0.0,0.0,0.001,NLD,566.7531426808238,0.0,0.0,pv_connection,solar,"Base,ZeroCarbon,Re100",False,
89,POL_pv,solar,240.0,5.0,0.0,25.0,0.07,0.0,0.0,0.001,POL,9673.823807157278,0.0,0.0,pv_connection,solar,"Base,ZeroCarbon,Re100",False,
90,PRT_pv,solar,240.0,5.0,0.0,25.0,0.07,0.0,0.0,0.001,PRT,2260.471796650291,0.0,0.0,pv_connection,solar,"Base,ZeroCarbon,Re100",False,
91,ROU_pv,solar,240.0,5.0,0.0,25.0,0.07,0.0,0.0,0.001,ROU,8267.422915734054,0.0,0.0,pv_connection,solar,"Base,ZeroCarbon,Re100",False,
92,SVK_pv,solar,240.0,5.0,0.0,25.0,0.07,0.0,0.0,0.001,SVK,1134.155497298837,0.0,0.0,pv_connection,solar,"Base,ZeroCarbon,Re100",False,
93,SVN_pv,solar,240.0,5.0,0.0,25.0,0.07,0.0,0.0,0.001,SVN,102.66818468093872,0.0,0.0,pv_connection,solar,"Base,ZeroCarbon,Re100",False,
94,ESP_pv,solar,240.0,5.0,0.0,25.0,0.07,0.0,0.0,0.001,ESP,17673.391220873,0.0,0.0,pv_connection,solar,"Base,ZeroCarbon,Re100",False,
95,SWE_pv,solar,240.0,5.0,0.0,25.0,0.07,0.0,0.0,0.001,SWE,7016.226142191887,0.0,0.0,pv_connection,solar,"Base,ZeroCarbon,Re100",False,
96,GBR_pv,solar,240.0,5.0,0.0,25.0,0.07,0.0,0.0,0.001,GBR,6127.491720363796,0.0,0.0,pv_connection,solar,"Base,ZeroCarbon,Re100",False,
97,ALB_pv,solar,240.0,5.0,0.0,25.0,0.07,0.0,0.0,0.001,ALB,268.62514139533044,0.0,0.0,pv_connection,solar,"Base,ZeroCarbon,Re100",False,
98,BIH_pv,solar,240.0,5.0,0.0,25.0,0.07,0.0,0.0,0.001,BIH,551.4544583046437,0.0,0.0,pv_connection,solar,"Base,ZeroCarbon,Re100",False,
99,MKD_pv,solar,240.0,5.0,0.0,25.0,0.07,0.0,0.0,0.001,MKD,423.1444145137073,0.0,0.0,pv_connection,solar,"Base,ZeroCarbon,Re100",False,
100,MNE_pv,solar,240.0,5.0,0.0,25.0,0.07,0.0,0.0,0.001,MNE,98.8363979446888,0.0,0.0,pv_connection,solar,"Base,ZeroCarbon,Re100",False,
101,NOR_pv,solar,240.0,5.0,0.0,25.0,0.07,0.0,0.0,0.001,NOR,8183.865397922249,0.0,0.0,pv_connection,solar,"Base,ZeroCarbon,Re100",False,
102,SRB_pv,solar,240.0,5.0,0.0,25.0,0.07,0.0,0.0,0.001,SRB,2066.7252558189634,0.0,0.0,pv_connection,solar,"Base,ZeroCarbon,Re100",False,
103,CHE_pv,solar,240.0,5.0,0.0,25.0,0.07,0.0,0.0,0.001,CHE,117.5532495427132,0.0,0.0,pv_connection,solar,"Base,ZeroCarbon,Re100",False,
104,ISL_pv,solar,240.0,5.0,0.0,25.0,0.07,0.0,0.0,0.001,ISL,567.3224807208776,0.0,0.0,pv_connection,solar,"Base,ZeroCarbon,Re100",False,
105,AUT_roof,solar,505.0,7.9,0.0,25.0,0.07,0.0,0.0,0.001,AUT,79.82523915263228,0.0,0.0,pv_connection,solar,"Base,ZeroCarbon,Re100",False,
106,BEL_roof,solar,505.0,7.9,0.0,25.0,0.07,0.0,0.0,0.001,BEL,92.86209586134092,0.0,0.0,pv_connection,solar,"Base,ZeroCarbon,Re100",False,
107,BGR_roof,solar,505.0,7.9,0.0,25.0,0.07,0.0,0.0,0.001,BGR,76.3342272897781,0.0,0.0,pv_connection,solar,"Base,ZeroCarbon,Re100",False,
108,HRV_roof,solar,505.0,7.9,0.0,25.0,0.07,0.0,0.0,0.001,HRV,64.82564379517454,0.0,0.0,pv_connection,solar,"Base,ZeroCarbon,Re100",False,
109,CYP_roof,solar,505.0,7.9,0.0,25.0,0.07,0.0,0.0,0.001,CYP,19.9503378977702,0.0,0.0,pv_connection,solar,"Base,ZeroCarbon,Re100",False,
110,CZE_roof,solar,505.0,7.9,0.0,25.0,0.07,0.0,0.0,0.001,CZE,95.68399934355244,0.0,0.0,pv_connection,solar,"Base,ZeroCarbon,Re100",False,
111,DNK_roof,solar,505.0,7.9,0.0,25.0,0.07,0.0,0.0,0.001,DNK,66.9610547603889,0.0,0.0,pv_connection,solar,"Base,ZeroCarbon,Re100",False,
112,EST_roof,solar,505.0,7.9,0.0,25.0,0.07,0.0,0.0,0.001,EST,14.773227194423317,0.0,0.0,pv_connection,solar,"Base,ZeroCarbon,Re100",False,
113,FIN_roof,solar,505.0,7.9,0.0,25.0,0.07,0.0,0.0,0.001,FIN,54.35310351154878,0.0,0.0,pv_connection,solar,"Base,ZeroCarbon,Re100",False,
114,FRA_roof,solar,505.0,7.9,0.0,25.0,0.07,0.0,0.0,0.001,FRA,746.2465476591651,0.0,0.0,pv_connection,solar,"Base,ZeroCarbon,Re100",False,
115,DEU_roof,solar,505.0,7.9,0.0,25.0,0.07,0.0,0.0,0.001,DEU,746.4790976774095,0.0,0.0,pv_connection,solar,"Base,ZeroCarbon,Re100",False,
116,GRC_roof,solar,505.0,7.9,0.0,25.0,0.07,0.0,0.0,0.001,GRC,76.62002348409152,0.0,0.0,pv_connection,solar,"Base,ZeroCarbon,Re100",False,
117,HUN_roof,solar,505.0,7.9,0.0,25.0,0.07,0.0,0.0,0.001,HUN,97.9720886623879,0.0,0.0,pv_connection,solar,"Base,ZeroCarbon,Re100",False,
118,IRL_roof,solar,505.0,7.9,0.0,25.0,0.07,0.0,0.0,0.001,IRL,35.869929000895,0.0,0.0,pv_connection,solar,"Base,ZeroCarbon,Re100",False,
119,ITA_roof,solar,505.0,7.9,0.0,25.0,0.07,0.0,0.0,0.001,ITA,410.2397084668999,0.0,0.0,pv_connection,solar,"Base,ZeroCarbon,Re100",False,
120,LVA_roof,solar,505.0,7.9,0.0,25.0,0.07,0.0,0.0,0.001,LVA,18.02550774259429,0.0,0.0,pv_connection,solar,"Base,ZeroCarbon,Re100",False,
121,LTU_roof,solar,505.0,7.9,0.0,25.0,0.07,0.0,0.0,0.001,LTU,34.641786893841605,0.0,0.0,pv_connection,solar,"Base,ZeroCarbon,Re100",False,
122,LUX_roof,solar,505.0,7.9,0.0,25.0,0.07,0.0,0.0,0.001,LUX,4.8636244725355136,0.0,0.0,pv_connection,solar,"Base,ZeroCarbon,Re100",False,
123,NLD_roof,solar,505.0,7.9,0.0,25.0,0.07,0.0,0.0,0.001,NLD,154.89553628161732,0.0,0.0,pv_connection,solar,"Base,ZeroCarbon,Re100",False,
124,POL_roof,solar,505.0,7.9,0.0,25.0,0.07,0.0,0.0,0.001,POL,258.3216264657505,0.0,0.0,pv_connection,solar,"Base,ZeroCarbon,Re100",False,
125,PRT_roof,solar,505.0,7.9,0.0,25.0,0.07,0.0,0.0,0.001,PRT,118.2230682931254,0.0,0.0,pv_connection,solar,"Base,ZeroCarbon,Re100",False,
126,ROU_roof,solar,505.0,7.9,0.0,25.0,0.07,0.0,0.0,0.001,ROU,179.3464650804869,0.0,0.0,pv_connection,solar,"Base,ZeroCarbon,Re100",False,
127,SVK_roof,solar,505.0,7.9,0.0,25.0,0.07,0.0,0.0,0.001,SVK,53.77039090456775,0.0,0.0,pv_connection,solar,"Base,ZeroCarbon,Re100",False,
128,SVN_roof,solar,505.0,7.9,0.0,25.0,0.07,0.0,0.0,0.001,SVN,22.06355705128681,0.0,0.0,pv_connection,solar,"Base,ZeroCarbon,Re100",False,
129,ESP_roof,solar,505.0,7.9,0.0,25.0,0.07,0.0,0.0,0.001,ESP,249.19365909090527,0.0,0.0,pv_connection,solar,"Base,ZeroCarbon,Re100",False,
130,SWE_roof,solar,505.0,7.9,0.0,25.0,0.07,0.0,0.0,0.001,SWE,76.02410574556514,0.0,0.0,pv_connection,solar,"Base,ZeroCarbon,Re100",False,
131,GBR_roof,solar,505.0,7.9,0.0,25.0,0.07,0.0,0.0,0.001,GBR,367.970602300949,0.0,0.0,pv_connection,solar,"Base,ZeroCarbon,Re100",False,
132,ALB_roof,solar,505.0,7.9,0.0,25.0,0.07,0.0,0.0,0.001,ALB,13.766373555763511,0.0,0.0,pv_connection,solar,"Base,ZeroCarbon,Re100",False,
133,BIH_roof,solar,505.0,7.9,0.0,25.0,0.07,0.0,0.0,0.001,BIH,37.38117521912071,0.0,0.0,pv_connection,solar,"Base,ZeroCarbon,Re100",False,
134,MKD_roof,solar,505.0,7.9,0.0,25.0,0.07,0.0,0.0,0.001,MKD,10.831237907072992,0.0,0.0,pv_connection,solar,"Base,ZeroCarbon,Re100",False,
135,MNE_roof,solar,505.0,7.9,0.0,25.0,0.07,0.0,0.0,0.001,MNE,6.948979843537828,0.0,0.0,pv_connection,solar,"Base,ZeroCarbon,Re100",False,
136,NOR_roof,solar,505.0,7.9,0.0,25.0,0.07,0.0,0.0,0.001,NOR,28.830820483664915,0.0,0.0,pv_connection,solar,"Base,ZeroCarbon,Re100",False,
137,SRB_roof,solar,505.0,7.9,0.0,25.0,0.07,0.0,0.0,0.001,SRB,79.48991323129938,0.0,0.0,pv_connection,solar,"Base,ZeroCarbon,Re100",False,
138,CHE_roof,solar,505.0,7.9,0.0,25.0,0.07,0.0,0.0,0.001,CHE,59.71427407254299,0.0,0.0,pv_connection,solar,"Base,ZeroCarbon,Re100",False,
139,ISL_roof,solar,505.0,7.9,0.0,25.0,0.07,0.0,0.0,0.001,ISL,0.3539025902645437,0.0,0.0,pv_connection,solar,"Base,ZeroCarbon,Re100",False,
140,AUT_offw,wind,1680.0,32.493,0.0024,30.0,0.07,0.0,0.0,0.001,AUT,0.0,0.0,0.0,off-wind_connection,wind,"Base,ZeroCarbon,Re100",False,
141,BEL_offw,wind,1680.0,32.493,0.0024,30.0,0.07,0.0,0.0,0.001,BEL,52.15309107910843,0.0,0.0,off-wind_connection,wind,"Base,ZeroCarbon,Re100",False,
142,BGR_offw,wind,1680.0,32.493,0.0024,30.0,0.07,0.0,0.0,0.001,BGR,80.7861080402881,0.0,0.0,off-wind_connection,wind,"Base,ZeroCarbon,Re100",False,
143,HRV_offw,wind,1680.0,32.493,0.0024,30.0,0.07,0.0,0.0,0.001,HRV,274.6770422066376,0.0,0.0,off-wind_connection,wind,"Base,ZeroCarbon,Re100",False,
144,CYP_offw,wind,1680.0,32.493,0.0024,30.0,0.07,0.0,0.0,0.001,CYP,19.766913955695927,0.0,0.0,off-wind_connection,wind,"Base,ZeroCarbon,Re100",False,
145,CZE_offw,wind,1680.0,32.493,0.0024,30.0,0.07,0.0,0.0,0.001,CZE,0.0,0.0,0.0,off-wind_connection,wind,"Base,ZeroCarbon,Re100",False,
146,DNK_offw,wind,1680.0,32.493,0.0024,30.0,0.07,0.0,0.0,0.001,DNK,1250.5235458154978,0.0,0.0,off-wind_connection,wind,"Base,ZeroCarbon,Re100",False,
147,EST_offw,wind,1680.0,32.493,0.0024,30.0,0.07,0.0,0.0,0.001,EST,321.125748881679,0.0,0.0,off-wind_connection,wind,"Base,ZeroCarbon,Re100",False,
148,FIN_offw,wind,1680.0,32.493,0.0024,30.0,0.07,0.0,0.0,0.001,FIN,710.3683464768716,0.0,0.0,off-wind_connection,wind,"Base,ZeroCarbon,Re100",False,
149,FRA_offw,wind,1680.0,32.493,0.0024,30.0,0.07,0.0,0.0,0.001,FRA,817.5953624460474,0.0,0.0,off-wind_connection,wind,"Base,ZeroCarbon,Re100",False,
150,DEU_offw,wind,1680.0,32.493,0.0024,30.0,0.07,0.0,0.0,0.001,DEU,840.052072640732,0.0,0.0,off-wind_connection,wind,"Base,ZeroCarbon,Re100",False,
151,GRC_offw,wind,1680.0,32.493,0.0024,30.0,0.07,0.0,0.0,0.001,GRC,360.5399476433918,0.0,0.0,off-wind_connection,wind,"Base,ZeroCarbon,Re100",False,
152,HUN_offw,wind,1680.0,32.493,0.0024,30.0,0.07,0.0,0.0,0.001,HUN,0.0,0.0,0.0,off-wind_connection,wind,"Base,ZeroCarbon,Re100",False,
153,IRL_offw,wind,1680.0,32.493,0.0024,30.0,0.07,0.0,0.0,0.001,IRL,301.26306566862394,0.0,0.0,off-wind_connection,wind,"Base,ZeroCarbon,Re100",False,
154,ITA_offw,wind,1680.0,32.493,0.0024,30.0,0.07,0.0,0.0,0.001,ITA,601.432362257056,0.0,0.0,off-wind_connection,wind,"Base,ZeroCarbon,Re100",False,
155,LVA_offw,wind,1680.0,32.493,0.0024,30.0,0.07,0.0,0.0,0.001,LVA,229.40139582663772,0.0,0.0,off-wind_connection,wind,"Base,ZeroCarbon,Re100",False,
156,LTU_offw,wind,1680.0,32.493,0.0024,30.0,0.07,0.0,0.0,0.001,LTU,51.2741086873971,0.0,0.0,off-wind_connection,wind,"Base,ZeroCarbon,Re100",False,
157,LUX_offw,wind,1680.0,32.493,0.0024,30.0,0.07,0.0,0.0,0.001,LUX,0.0,0.0,0.0,off-wind_connection,wind,"Base,ZeroCarbon,Re100",False,
158,NLD_offw,wind,1680.0,32.493,0.0024,30.0,0.07,0.0,0.0,0.001,NLD,956.1447941005044,0.0,0.0,off-wind_connection,wind,"Base,ZeroCarbon,Re100",False,
159,POL_offw,wind,1680.0,32.493,0.0024,30.0,0.07,0.0,0.0,0.001,POL,234.2223091349379,0.0,0.0,off-wind_connection,wind,"Base,ZeroCarbon,Re100",False,
160,PRT_offw,wind,1680.0,32.493,0.0024,30.0,0.07,0.0,0.0,0.001,PRT,104.50800869766624,0.0,0.0,off-wind_connection,wind,"Base,ZeroCarbon,Re100",False,
161,ROU_offw,wind,1680.0,32.493,0.0024,30.0,0.07,0.0,0.0,0.001,ROU,133.74879981592298,0.0,0.0,off-wind_connection,wind,"Base,ZeroCarbon,Re100",False,
162,SVK_offw,wind,1680.0,32.493,0.0024,30.0,0.07,0.0,0.0,0.001,SVK,0.0,0.0,0.0,off-wind_connection,wind,"Base,ZeroCarbon,Re100",False,
163,SVN_offw,wind,1680.0,32.493,0.0024,30.0,0.07,0.0,0.0,0.001,SVN,3.076048009246588,0.0,0.0,off-wind_connection,wind,"Base,ZeroCarbon,Re100",False,
164,ESP_offw,wind,1680.0,32.493,0.0024,30.0,0.07,0.0,0.0,0.001,ESP,372.95797414574776,0.0,0.0,off-wind_connection,wind,"Base,ZeroCarbon,Re100",False,
165,SWE_offw,wind,1680.0,32.493,0.0024,30.0,0.07,0.0,0.0,0.001,SWE,1059.1039719055966,0.0,0.0,off-wind_connection,wind,"Base,ZeroCarbon,Re100",False,
166,GBR_offw,wind,1680.0,32.493,0.0024,30.0,0.07,0.0,0.0,0.001,GBR,2388.9784342203475,0.0,0.0,off-wind_connection,wind,"Base,ZeroCarbon,Re100",False,
167,ALB_offw,wind,1680.0,32.493,0.0024,30.0,0.07,0.0,0.0,0.001,ALB,29.490617522858088,0.0,0.0,off-wind_connection,wind,"Base,ZeroCarbon,Re100",False,
168,BIH_offw,wind,1680.0,32.493,0.0024,30.0,0.07,0.0,0.0,0.001,BIH,0.1574821506813168,0.0,0.0,off-wind_connection,wind,"Base,ZeroCarbon,Re100",False,
169,MKD_offw,wind,1680.0,32.493,0.0024,30.0,0.07,0.0,0.0,0.001,MKD,0.0,0.0,0.0,off-wind_connection,wind,"Base,ZeroCarbon,Re100",False,
170,MNE_offw,wind,1680.0,32.493,0.0024,30.0,0.07,0.0,0.0,0.001,MNE,5.321479949578643,0.0,0.0,off-wind_connection,wind,"Base,ZeroCarbon,Re100",False,
171,NOR_offw,wind,1680.0,32.493,0.0024,30.0,0.07,0.0,0.0,0.001,NOR,820.2832823416685,0.0,0.0,off-wind_connection,wind,"Base,ZeroCarbon,Re100",False,
172,SRB_offw,wind,1680.0,32.493,0.0024,30.0,0.07,0.0,0.0,0.001,SRB,0.0,0.0,0.0,off-wind_connection,wind,"Base,ZeroCarbon,Re100",False,
173,CHE_offw,wind,1680.0,32.493,0.0024,30.0,0.07,0.0,0.0,0.001,CHE,0.0,0.0,0.0,off-wind_connection,wind,"Base,ZeroCarbon,Re100",False,
174,ISL_offw,wind,1680.0,32.493,0.0024,30.0,0.07,0.0,0.0,0.001,ISL,42.99584990780801,0.0,0.0,off-wind_connection,wind,"Base,ZeroCarbon,Re100",False,
175,AUT_onsw,wind,960.0,11.34,0.00122,25.0,0.07,0.0,0.0,0.001,AUT,216.39162376356126,0.0,0.0,ons-wind_connection,wind,"Base,ZeroCarbon,Re100",False,
176,BEL_onsw,wind,960.0,11.34,0.00122,25.0,0.07,0.0,0.0,0.001,BEL,78.25102623018623,0.0,0.0,ons-wind_connection,wind,"Base,ZeroCarbon,Re100",False,
177,BGR_onsw,wind,960.0,11.34,0.00122,25.0,0.07,0.0,0.0,0.001,BGR,589.0048582401872,0.0,0.0,ons-wind_connection,wind,"Base,ZeroCarbon,Re100",False,
178,HRV_onsw,wind,960.0,11.34,0.00122,25.0,0.07,0.0,0.0,0.001,HRV,256.13935152494906,0.0,0.0,ons-wind_connection,wind,"Base,ZeroCarbon,Re100",False,
179,CYP_onsw,wind,960.0,11.34,0.00122,25.0,0.07,0.0,0.0,0.001,CYP,24.705778139770036,0.0,0.0,ons-wind_connection,wind,"Base,ZeroCarbon,Re100",False,
180,CZE_onsw,wind,960.0,11.34,0.00122,25.0,0.07,0.0,0.0,0.001,CZE,412.4114660165012,0.0,0.0,ons-wind_connection,wind,"Base,ZeroCarbon,Re100",False,
181,DNK_onsw,wind,960.0,11.34,0.00122,25.0,0.07,0.0,0.0,0.001,DNK,161.69383472883703,0.0,0.0,ons-wind_connection,wind,"Base,ZeroCarbon,Re100",False,
182,EST_onsw,wind,960.0,11.34,0.00122,25.0,0.07,0.0,0.0,0.001,EST,275.02684504979845,0.0,0.0,ons-wind_connection,wind,"Base,ZeroCarbon,Re100",False,
183,FIN_onsw,wind,960.0,11.34,0.00122,25.0,0.07,0.0,0.0,0.001,FIN,2227.633839873016,0.0,0.0,ons-wind_connection,wind,"Base,ZeroCarbon,Re100",False,
184,FRA_onsw,wind,960.0,11.34,0.00122,25.0,0.07,0.0,0.0,0.001,FRA,2242.16520494783,0.0,0.0,ons-wind_connection,wind,"Base,ZeroCarbon,Re100",False,
185,DEU_onsw,wind,960.0,11.34,0.00122,25.0,0.07,0.0,0.0,0.001,DEU,1501.10835452345,0.0,0.0,ons-wind_connection,wind,"Base,ZeroCarbon,Re100",False,
186,GRC_onsw,wind,960.0,11.34,0.00122,25.0,0.07,0.0,0.0,0.001,GRC,513.0073693840503,0.0,0.0,ons-wind_connection,wind,"Base,ZeroCarbon,Re100",False,
187,HUN_onsw,wind,960.0,11.34,0.00122,25.0,0.07,0.0,0.0,0.001,HUN,547.9876302054524,0.0,0.0,ons-wind_connection,wind,"Base,ZeroCarbon,Re100",False,
188,IRL_onsw,wind,960.0,11.34,0.00122,25.0,0.07,0.0,0.0,0.001,IRL,338.89476954108477,0.0,0.0,ons-wind_connection,wind,"Base,ZeroCarbon,Re100",False,
189,ITA_onsw,wind,960.0,11.34,0.00122,25.0,0.07,0.0,0.0,0.001,ITA,935.8254661294818,0.0,0.0,ons-wind_connection,wind,"Base,ZeroCarbon,Re100",False,
190,LVA_onsw,wind,960.0,11.34,0.00122,25.0,0.07,0.0,0.0,0.001,LVA,397.8007100737692,0.0,0.0,ons-wind_connection,wind,"Base,ZeroCarbon,Re100",False,
191,LTU_onsw,wind,960.0,11.34,0.00122,25.0,0.07,0.0,0.0,0.001,LTU,355.75732453796275,0.0,0.0,ons-wind_connection,wind,"Base,ZeroCarbon,Re100",False,
192,LUX_onsw,wind,960.0,11.34,0.00122,25.0,0.07,0.0,0.0,0.001,LUX,11.803505056321622,0.0,0.0,ons-wind_connection,wind,"Base,ZeroCarbon,Re100",False,
193,NLD_onsw,wind,960.0,11.34,0.00122,25.0,0.07,0.0,0.0,0.001,NLD,81.77609613066912,0.0,0.0,ons-wind_connection,wind,"Base,ZeroCarbon,Re100",False,
194,POL_onsw,wind,960.0,11.34,0.00122,25.0,0.07,0.0,0.0,0.001,POL,1699.4941239771247,0.0,0.0,ons-wind_connection,wind,"Base,ZeroCarbon,Re100",False,
195,PRT_onsw,wind,960.0,11.34,0.00122,25.0,0.07,0.0,0.0,0.001,PRT,368.2209557985068,0.0,0.0,ons-wind_connection,wind,"Base,ZeroCarbon,Re100",False,
196,ROU_onsw,wind,960.0,11.34,0.00122,25.0,0.07,0.0,0.0,0.001,ROU,1288.1147030898333,0.0,0.0,ons-wind_connection,wind,"Base,ZeroCarbon,Re100",False,
197,SVK_onsw,wind,960.0,11.34,0.00122,25.0,0.07,0.0,0.0,0.001,SVK,246.98789074429874,0.0,0.0,ons-wind_connection,wind,"Base,ZeroCarbon,Re100",False,
198,SVN_onsw,wind,960.0,11.34,0.00122,25.0,0.07,0.0,0.0,0.001,SVN,61.21072648537159,0.0,0.0,ons-wind_connection,wind,"Base,ZeroCarbon,Re100",False,
199,ESP_onsw,wind,960.0,11.34,0.00122,25.0,0.07,0.0,0.0,0.001,ESP,2798.5451859580876,0.0,0.0,ons-wind_connection,wind,"Base,ZeroCarbon,Re100",False,
200,SWE_onsw,wind,960.0,11.34,0.00122,25.0,0.07,0.0,0.0,0.001,SWE,3076.9996565904917,0.0,0.0,ons-wind_connection,wind,"Base,ZeroCarbon,Re100",False,
201,GBR_onsw,wind,960.0,11.34,0.00122,25.0,0.07,0.0,0.0,0.001,GBR,1158.5290297406614,0.0,0.0,ons-wind_connection,wind,"Base,ZeroCarbon,Re100",False,
202,ALB_onsw,wind,960.0,11.34,0.00122,25.0,0.07,0.0,0.0,0.001,ALB,95.6601767885685,0.0,0.0,ons-wind_connection,wind,"Base,ZeroCarbon,Re100",False,
203,BIH_onsw,wind,960.0,11.34,0.00122,25.0,0.07,0.0,0.0,0.001,BIH,205.94998502355816,0.0,0.0,ons-wind_connection,wind,"Base,ZeroCarbon,Re100",False,
204,MKD_onsw,wind,960.0,11.34,0.00122,25.0,0.07,0.0,0.0,0.001,MKD,115.77698144125941,0.0,0.0,ons-wind_connection,wind,"Base,ZeroCarbon,Re100",False,
205,MNE_onsw,wind,960.0,11.34,0.00122,25.0,0.07,0.0,0.0,0.001,MNE,48.49322402822972,0.0,0.0,ons-wind_connection,wind,"Base,ZeroCarbon,Re100",False,
206,NOR_onsw,wind,960.0,11.34,0.00122,25.0,0.07,0.0,0.0,0.001,NOR,1951.1055532882665,0.0,0.0,ons-wind_connection,wind,"Base,ZeroCarbon,Re100",False,
207,SRB_onsw,wind,960.0,11.34,0.00122,25.0,0.07,0.0,0.0,0.001,SRB,351.13057938587673,0.0,0.0,ons-wind_connection,wind,"Base,ZeroCarbon,Re100",False,
208,CHE_onsw,wind,960.0,11.34,0.00122,25.0,0.07,0.0,0.0,0.001,CHE,51.23223784679175,0.0,0.0,ons-wind_connection,wind,"Base,ZeroCarbon,Re100",False,
209,ISL_onsw,wind,960.0,11.34,0.00122,25.0,0.07,0.0,0.0,0.001,ISL,107.78409557899832,0.0,0.0,ons-wind_connection,wind,"Base,ZeroCarbon,Re100",False,
210,ALB_biogas,biogas,2300.0,94.3,0.0634590843766886,20.0,0.07,0.0,6.2,0.5,ALB,0.0,0.0,0.0,other_connections,flexible,"Base,Re100",False,
211,ALB_ccgt,gas,650.9376000000002,14.2121376,0.004339584,25.0,0.07,0.0,6.2,0.5,ALB,0.0,0.0,0.0,other_connections,flexible,"Re100,base",False,
212,AUT_biogas,biogas,2300.0,94.3,0.0634590843766886,20.0,0.07,0.0,6.2,0.5,AUT,0.0,0.0,0.0,other_connections,flexible,"Base,Re100",False,
213,AUT_ccgt,gas,650.9376000000002,14.2121376,0.004339584,25.0,0.07,0.0,6.2,0.5,AUT,0.0,0.0,0.0,other_connections,flexible,"Re100,base",False,
214,BEL_biogas,biogas,2300.0,94.3,0.0634590843766886,20.0,0.07,0.0,6.2,0.5,BEL,0.0,0.0,0.0,other_connections,flexible,"Base,Re100",False,
215,BEL_ccgt,gas,650.9376000000002,14.2121376,0.004339584,25.0,0.07,0.0,6.2,0.5,BEL,0.0,0.0,0.0,other_connections,flexible,"Re100,base",False,
216,BGR_nuclear,nuclear,3672.000000000001,76.116,0.01,50.0,0.07,0.0,34.0,1.0,BGR,0.0,0.0,0.0,other_connections,baseload,"Base,ZeroCarbon",False,
217,BGR_biogas,biogas,2300.0,94.3,0.0634590843766886,20.0,0.07,0.0,6.2,0.5,BGR,0.0,0.0,0.0,other_connections,flexible,"Base,Re100",False,
218,BGR_ccgt,gas,650.9376000000002,14.2121376,0.004339584,25.0,0.07,0.0,6.2,0.5,BGR,0.0,0.0,0.0,other_connections,flexible,"Re100,base",False,
219,BIH_biogas,biogas,2300.0,94.3,0.0634590843766886,20.0,0.07,0.0,6.2,0.5,BIH,0.0,0.0,0.0,other_connections,flexible,"Base,Re100",False,
220,BIH_ccgt,gas,650.9376000000002,14.2121376,0.004339584,25.0,0.07,0.0,6.2,0.5,BIH,0.0,0.0,0.0,other_connections,flexible,"Re100,base",False,
221,CHE_biogas,biogas,2300.0,94.3,0.0634590843766886,20.0,0.07,0.0,6.2,0.5,CHE,0.0,0.0,0.0,other_connections,flexible,"Base,Re100",False,
222,CHE_ccgt,gas,650.9376000000002,14.2121376,0.004339584,25.0,0.07,0.0,6.2,0.5,CHE,0.0,0.0,0.0,other_connections,flexible,"Re100,base",False,
223,CYP_biogas,biogas,2300.0,94.3,0.0634590843766886,20.0,0.07,0.0,6.2,0.5,CYP,0.0,0.0,0.0,other_connections,flexible,"Base,Re100",False,
224,CYP_ccgt,gas,650.9376000000002,14.2121376,0.004339584,25.0,0.07,0.0,6.2,0.5,CYP,0.0,0.0,0.0,other_connections,flexible,"Re100,base",False,
225,CZE_nuclear,nuclear,3672.000000000001,76.116,0.01,50.0,0.07,0.0,34.0,1.0,CZE,0.0,0.0,6.23,other_connections,baseload,"Base,ZeroCarbon",False,
226,CZE_biogas,biogas,2300.0,94.3,0.0634590843766886,20.0,0.07,0.0,6.2,0.5,CZE,0.0,0.0,0.0,other_connections,flexible,"Base,Re100",False,
227,CZE_ccgt,gas,650.9376000000002,14.2121376,0.004339584,25.0,0.07,0.0,6.2,0.5,CZE,0.0,0.0,0.0,other_connections,flexible,"Re100,base",False,
228,DEU_biogas,biogas,2300.0,94.3,0.0634590843766886,20.0,0.07,0.0,6.2,0.5,DEU,0.0,0.0,0.0,other_connections,flexible,"Base,Re100",False,
229,DEU_ccgt,gas,650.9376000000002,14.2121376,0.004339584,25.0,0.07,0.0,6.2,0.5,DEU,0.0,0.0,0.0,other_connections,flexible,"Re100,base",False,
230,DNK_biogas,biogas,2300.0,94.3,0.0634590843766886,20.0,0.07,0.0,6.2,0.5,DNK,0.0,0.0,0.0,other_connections,flexible,"Base,Re100",False,
231,DNK_ccgt,gas,650.9376000000002,14.2121376,0.004339584,25.0,0.07,0.0,6.2,0.5,DNK,0.0,0.0,0.0,other_connections,flexible,"Re100,base",False,
232,ESP_biogas,biogas,2300.0,94.3,0.0634590843766886,20.0,0.07,0.0,6.2,0.5,ESP,0.0,0.0,0.0,other_connections,flexible,"Base,Re100",False,
233,ESP_ccgt,gas,650.9376000000002,14.2121376,0.004339584,25.0,0.07,0.0,6.2,0.5,ESP,0.0,0.0,0.0,other_connections,flexible,"Re100,base",False,
234,EST_biogas,biogas,2300.0,94.3,0.0634590843766886,20.0,0.07,0.0,6.2,0.5,EST,0.0,0.0,0.0,other_connections,flexible,"Base,Re100",False,
235,EST_ccgt,gas,650.9376000000002,14.2121376,0.004339584,25.0,0.07,0.0,6.2,0.5,EST,0.0,0.0,0.0,other_connections,flexible,"Re100,base",False,
236,FIN_nuclear,nuclear,3672.000000000001,76.116,0.01,50.0,0.07,0.0,34.0,1.0,FIN,0.0,0.0,0.0,other_connections,baseload,"Base,ZeroCarbon",False,
237,FIN_biogas,biogas,2300.0,94.3,0.0634590843766886,20.0,0.07,0.0,6.2,0.5,FIN,0.0,0.0,0.0,other_connections,flexible,"Base,Re100",False,
238,FIN_ccgt,gas,650.9376000000002,14.2121376,0.004339584,25.0,0.07,0.0,6.2,0.5,FIN,0.0,0.0,0.0,other_connections,flexible,"Re100,base",False,
239,FRA_nuclear,nuclear,3672.000000000001,76.116,0.01,50.0,0.07,0.0,34.0,1.0,FRA,0.0,0.0,0.0,other_connections,baseload,"Base,ZeroCarbon",False,
240,FRA_biogas,biogas,2300.0,94.3,0.0634590843766886,20.0,0.07,0.0,6.2,0.5,FRA,0.0,0.0,0.0,other_connections,flexible,"Base,Re100",False,
241,FRA_ccgt,gas,650.9376000000002,14.2121376,0.004339584,25.0,0.07,0.0,6.2,0.5,FRA,0.0,0.0,0.0,other_connections,flexible,"Re100,base",False,
242,GBR_nuclear,nuclear,3672.000000000001,76.116,0.01,50.0,0.07,0.0,34.0,1.0,GBR,0.0,0.0,8.9,other_connections,baseload,"Base,ZeroCarbon",False,
243,GBR_biogas,biogas,2300.0,94.3,0.0634590843766886,20.0,0.07,0.0,6.2,0.5,GBR,0.0,0.0,0.0,other_connections,flexible,"Base,Re100",False,
244,GBR_ccgt,gas,650.9376000000002,14.2121376,0.004339584,25.0,0.07,0.0,6.2,0.5,GBR,0.0,0.0,0.0,other_connections,flexible,"Re100,base",False,
245,GRC_biogas,biogas,2300.0,94.3,0.0634590843766886,20.0,0.07,0.0,6.2,0.5,GRC,0.0,0.0,0.0,other_connections,flexible,"Base,Re100",False,
246,GRC_ccgt,gas,650.9376000000002,14.2121376,0.004339584,25.0,0.07,0.0,6.2,0.5,GRC,0.0,0.0,0.0,other_connections,flexible,"Re100,base",False,
247,HRV_biogas,biogas,2300.0,94.3,0.0634590843766886,20.0,0.07,0.0,6.2,0.5,HRV,0.0,0.0,0.0,other_connections,flexible,"Base,Re100",False,
248,HRV_ccgt,gas,650.9376000000002,14.2121376,0.004339584,25.0,0.07,0.0,6.2,0.5,HRV,0.0,0.0,0.0,other_connections,flexible,"Re100,base",False,
249,HUN_nuclear,nuclear,3672.000000000001,76.116,0.01,50.0,0.07,0.0,34.0,1.0,HUN,0.0,0.0,2.4,other_connections,baseload,"Base,ZeroCarbon",False,
250,HUN_biogas,biogas,2300.0,94.3,0.0634590843766886,20.0,0.07,0.0,6.2,0.5,HUN,0.0,0.0,0.0,other_connections,flexible,"Base,Re100",False,
251,HUN_ccgt,gas,650.9376000000002,14.2121376,0.004339584,25.0,0.07,0.0,6.2,0.5,HUN,0.0,0.0,0.0,other_connections,flexible,"Re100,base",False,
252,IRL_biogas,biogas,2300.0,94.3,0.0634590843766886,20.0,0.07,0.0,6.2,0.5,IRL,0.0,0.0,0.0,other_connections,flexible,"Base,Re100",False,
253,IRL_ccgt,gas,650.9376000000002,14.2121376,0.004339584,25.0,0.07,0.0,6.2,0.5,IRL,0.0,0.0,0.0,other_connections,flexible,"Re100,base",False,
254,ISL_biogas,biogas,2300.0,94.3,0.0634590843766886,20.0,0.07,0.0,6.2,0.5,ISL,0.0,0.0,0.0,other_connections,flexible,"Base,Re100",False,
255,ISL_ccgt,gas,650.9376000000002,14.2121376,0.004339584,25.0,0.07,0.0,6.2,0.5,ISL,0.0,0.0,0.0,other_connections,flexible,"Re100,base",False,
256,ITA_biogas,biogas,2300.0,94.3,0.0634590843766886,20.0,0.07,0.0,6.2,0.5,ITA,0.0,0.0,0.0,other_connections,flexible,"Base,Re100",False,
257,ITA_ccgt,gas,650.9376000000002,14.2121376,0.004339584,25.0,0.07,0.0,6.2,0.5,ITA,0.0,0.0,0.0,other_connections,flexible,"Re100,base",False,
258,LTU_biogas,biogas,2300.0,94.3,0.0634590843766886,20.0,0.07,0.0,6.2,0.5,LTU,0.0,0.0,0.0,other_connections,flexible,"Base,Re100",False,
259,LTU_ccgt,gas,650.9376000000002,14.2121376,0.004339584,25.0,0.07,0.0,6.2,0.5,LTU,0.0,0.0,0.0,other_connections,flexible,"Re100,base",False,
260,LUX_biogas,biogas,2300.0,94.3,0.0634590843766886,20.0,0.07,0.0,6.2,0.5,LUX,0.0,0.0,0.0,other_connections,flexible,"Base,Re100",False,
261,LUX_ccgt,gas,650.9376000000002,14.2121376,0.004339584,25.0,0.07,0.0,6.2,0.5,LUX,0.0,0.0,0.0,other_connections,flexible,"Re100,base",False,
262,LVA_biogas,biogas,2300.0,94.3,0.0634590843766886,20.0,0.07,0.0,6.2,0.5,LVA,0.0,0.0,0.0,other_connections,flexible,"Base,Re100",False,
263,LVA_ccgt,gas,650.9376000000002,14.2121376,0.004339584,25.0,0.07,0.0,6.2,0.5,LVA,0.0,0.0,0.0,other_connections,flexible,"Re100,base",False,
264,MKD_biogas,biogas,2300.0,94.3,0.0634590843766886,20.0,0.07,0.0,6.2,0.5,MKD,0.0,0.0,0.0,other_connections,flexible,"Base,Re100",False,
265,MKD_ccgt,gas,650.9376000000002,14.2121376,0.004339584,25.0,0.07,0.0,6.2,0.5,MKD,0.0,0.0,0.0,other_connections,flexible,"Re100,base",False,
266,MNE_biogas,biogas,2300.0,94.3,0.0634590843766886,20.0,0.07,0.0,6.2,0.5,MNE,0.0,0.0,0.0,other_connections,flexible,"Base,Re100",False,
267,MNE_ccgt,gas,650.9376000000002,14.2121376,0.004339584,25.0,0.07,0.0,6.2,0.5,MNE,0.0,0.0,0.0,other_connections,flexible,"Re100,base",False,
268,NLD_biogas,biogas,2300.0,94.3,0.0634590843766886,20.0,0.07,0.0,6.2,0.5,NLD,0.0,0.0,0.0,other_connections,flexible,"Base,Re100",False,
269,NLD_ccgt,gas,650.9376000000002,14.2121376,0.004339584,25.0,0.07,0.0,6.2,0.5,NLD,0.0,0.0,0.0,other_connections,flexible,"Re100,base",False,
270,NOR_biogas,biogas,2300.0,94.3,0.0634590843766886,20.0,0.07,0.0,6.2,0.5,NOR,0.0,0.0,0.0,other_connections,flexible,"Base,Re100",False,
271,NOR_ccgt,gas,650.9376000000002,14.2121376,0.004339584,25.0,0.07,0.0,6.2,0.5,NOR,0.0,0.0,0.0,other_connections,flexible,"Re100,base",False,
272,POL_biogas,biogas,2300.0,94.3,0.0634590843766886,20.0,0.07,0.0,6.2,0.5,POL,0.0,0.0,0.0,other_connections,flexible,"Base,Re100",False,
273,POL_ccgt,gas,650.9376000000002,14.2121376,0.004339584,25.0,0.07,0.0,6.2,0.5,POL,0.0,0.0,0.0,other_connections,flexible,"Re100,base",False,
274,PRT_biogas,biogas,2300.0,94.3,0.0634590843766886,20.0,0.07,0.0,6.2,0.5,PRT,0.0,0.0,0.0,other_connections,flexible,"Base,Re100",False,
275,PRT_ccgt,gas,650.9376000000002,14.2121376,0.004339584,25.0,0.07,0.0,6.2,0.5,PRT,0.0,0.0,0.0,other_connections,flexible,"Re100,base",False,
276,ROU_nuclear,nuclear,3672.000000000001,76.116,0.01,50.0,0.07,0.0,34.0,1.0,ROU,0.0,0.0,0.65,other_connections,baseload,"Base,ZeroCarbon",False,
277,ROU_biogas,biogas,2300.0,94.3,0.0634590843766886,20.0,0.07,0.0,6.2,0.5,ROU,0.0,0.0,0.0,other_connections,flexible,"Base,Re100",False,
278,ROU_ccgt,gas,650.9376000000002,14.2121376,0.004339584,25.0,0.07,0.0,6.2,0.5,ROU,0.0,0.0,0.0,other_connections,flexible,"Re100,base",False,
279,SRB_biogas,biogas,2300.0,94.3,0.0634590843766886,20.0,0.07,0.0,6.2,0.5,SRB,0.0,0.0,0.0,other_connections,flexible,"Base,Re100",False,
280,SRB_ccgt,gas,650.9376000000002,14.2121376,0.004339584,25.0,0.07,0.0,6.2,0.5,SRB,0.0,0.0,0.0,other_connections,flexible,"Re100,base",False,
281,SVK_nuclear,nuclear,3672.000000000001,76.116,0.01,50.0,0.07,0.0,34.0,1.0,SVK,0.0,0.0,0.94,other_connections,baseload,"Base,ZeroCarbon",False,
282,SVK_biogas,biogas,2300.0,94.3,0.0634590843766886,20.0,0.07,0.0,6.2,0.5,SVK,0.0,0.0,0.0,other_connections,flexible,"Base,Re100",False,
283,SVK_ccgt,gas,650.9376000000002,14.2121376,0.004339584,25.0,0.07,0.0,6.2,0.5,SVK,0.0,0.0,0.0,other_connections,flexible,"Re100,base",False,
284,SVN_biogas,biogas,2300.0,94.3,0.0634590843766886,20.0,0.07,0.0,6.2,0.5,SVN,0.0,0.0,0.0,other_connections,flexible,"Base,Re100",False,
285,SVN_ccgt,gas,650.9376000000002,14.2121376,0.004339584,25.0,0.07,0.0,6.2,0.5,SVN,0.0,0.0,0.0,other_connections,flexible,"Re100,base",False,
286,SWE_biogas,biogas,2300.0,94.3,0.0634590843766886,20.0,0.07,0.0,6.2,0.5,SWE,0.0,0.0,0.0,other_connections,flexible,"Base,Re100",False,
287,SWE_ccgt,gas,650.9376000000002,14.2121376,0.004339584,25.0,0.07,0.0,6.2,0.5,SWE,0.0,0.0,0.0,other_connections,flexible,"Re100,base",False,
