id,name,fuel,capex_p,capex_e,fom,vom,lifetime,discount_rate,heat_rate_base,heat_rate_incr,unit_size,node,discharge_efficiency,max_build_p,max_build_e,min_build_p,min_build_e,initial_power_capacity,initial_energy_capacity,duration,line,unit_type,scenarios,near_optimum,range_group
0,AUT_hydro,water,3370.0,0.0,101.1,0.005,60.0,0.07,0.0,0.0,0.001,AUT,0.9,0.0,0.0,0.0,0.0,5.23992,3183.615737,0.0,other_connections,hydro,all,False,
1,BEL_hydro,water,3370.0,0.0,101.1,0.005,60.0,0.07,0.0,0.0,0.001,BEL,0.9,0.0,0.0,0.0,0.0,0.012735669,11.47168817,0.0,other_connections,hydro,"Base,ZeroCarbon",False,
2,BGR_hydro,water,3370.0,0.0,101.1,0.005,60.0,0.07,0.0,0.0,0.001,BGR,0.9,0.0,0.0,0.0,0.0,1.49954,1350.714718,0.0,other_connections,hydro,"Base,ZeroCarbon",False,
3,HRV_hydro,water,3370.0,0.0,101.1,0.005,60.0,0.07,0.0,0.0,0.001,HRV,0.9,0.0,0.0,0.0,0.0,1.327624459,1195.861328,0.0,other_connections,hydro,"Base,ZeroCarbon",False,
4,CYP_hydro,water,3370.0,0.0,101.1,0.005,60.0,0.07,0.0,0.0,0.001,CYP,0.9,0.0,0.0,0.0,0.0,0.0,0.0,0.0,other_connections,hydro,"Base,ZeroCarbon",False,
5,CZE_hydro,water,3370.0,0.0,101.1,0.005,60.0,0.07,0.0,0.0,0.001,CZE,0.9,0.0,0.0,0.0,0.0,0.711483902,640.8710526,0.0,other_connections,hydro,"Base,ZeroCarbon",False,
6,DNK_hydro,water,3370.0,0.0,101.1,0.005,60.0,0.07,0.0,0.0,0.001,DNK,0.9,0.0,0.0,0.0,0.0,0.0,0.0,0.0,other_connections,hydro,"Base,ZeroCarbon",False,
7,EST_hydro,water,3370.0,0.0,101.1,0.005,60.0,0.07,0.0,0.0,0.001,EST,0.9,0.0,0.0,0.0,0.0,0.0,0.0,0.0,other_connections,hydro,"Base,ZeroCarbon",False,
8,FIN_hydro,water,3370.0,0.0,101.1,0.005,60.0,0.07,0.0,0.0,0.001,FIN,0.9,0.0,0.0,0.0,0.0,1.345,1211.512394,0.0,other_connections,hydro,"Base,ZeroCarbon",False,
9,FRA_hydro,water,3370.0,0.0,101.1,0.005,60.0,0.07,0.0,0.0,0.001,FRA,0.9,0.0,0.0,0.0,0.0,9.469638217,9108.375384,0.0,other_connections,hydro,"Base,ZeroCarbon",False,
10,DEU_hydro,water,3370.0,0.0,101.1,0.005,60.0,0.07,0.0,0.0,0.001,DEU,0.9,0.0,0.0,0.0,0.0,0.2028,171.7218619,0.0,other_connections,hydro,all,False,
11,GRC_hydro,water,3370.0,0.0,101.1,0.005,60.0,0.07,0.0,0.0,0.001,GRC,0.9,0.0,0.0,0.0,0.0,2.5862,1912.857143,0.0,other_connections,hydro,"Base,ZeroCarbon",False,
12,HUN_hydro,water,3370.0,0.0,101.1,0.005,60.0,0.07,0.0,0.0,0.001,HUN,0.9,0.0,0.0,0.0,0.0,0.028,25.22107586,0.0,other_connections,hydro,"Base,ZeroCarbon",False,
13,IRL_hydro,water,3370.0,0.0,101.1,0.005,60.0,0.07,0.0,0.0,0.001,IRL,0.9,0.0,0.0,0.0,0.0,0.001,0.900752709,0.0,other_connections,hydro,"Base,ZeroCarbon",False,
14,ITA_hydro,water,3370.0,0.0,101.1,0.005,60.0,0.07,0.0,0.0,0.001,ITA,0.9,0.0,0.0,0.0,0.0,5.52824,4979.577158,0.0,other_connections,hydro,"Base,ZeroCarbon",False,
15,LVA_hydro,water,3370.0,0.0,101.1,0.005,60.0,0.07,0.0,0.0,0.001,LVA,0.9,0.0,0.0,0.0,0.0,0.884,46.33,0.0,other_connections,hydro,"Base,ZeroCarbon",False,
16,LTU_hydro,water,3370.0,0.0,101.1,0.005,60.0,0.07,0.0,0.0,0.001,LTU,0.9,0.0,0.0,0.0,0.0,0.101,90.97602365,0.0,other_connections,hydro,"Base,ZeroCarbon",False,
17,LUX_hydro,water,3370.0,0.0,101.1,0.005,60.0,0.07,0.0,0.0,0.001,LUX,0.9,0.0,0.0,0.0,0.0,0.0,0.0,0.0,other_connections,hydro,"Base,ZeroCarbon",False,
18,NLD_hydro,water,3370.0,0.0,101.1,0.005,60.0,0.07,0.0,0.0,0.001,NLD,0.9,0.0,0.0,0.0,0.0,0.0,0.0,0.0,other_connections,hydro,"Base,ZeroCarbon",False,
19,POL_hydro,water,3370.0,0.0,101.1,0.005,60.0,0.07,0.0,0.0,0.001,POL,0.9,0.0,0.0,0.0,0.0,0.412506369,2.690258931,0.0,other_connections,hydro,"Base,ZeroCarbon",False,
20,PRT_hydro,water,3370.0,0.0,101.1,0.005,60.0,0.07,0.0,0.0,0.001,PRT,0.9,0.0,0.0,0.0,0.0,1.3354,1816.778113,0.0,other_connections,hydro,"Base,ZeroCarbon",False,
21,ROU_hydro,water,3370.0,0.0,101.1,0.005,60.0,0.07,0.0,0.0,0.001,ROU,0.9,0.0,0.0,0.0,0.0,5.273480127,4750.101512,0.0,other_connections,hydro,"Base,ZeroCarbon",False,
22,SVK_hydro,water,3370.0,0.0,101.1,0.005,60.0,0.07,0.0,0.0,0.001,SVK,0.9,0.0,0.0,0.0,0.0,0.792,713.3961458,0.0,other_connections,hydro,"Base,ZeroCarbon",False,
23,SVN_hydro,water,3370.0,0.0,101.1,0.005,60.0,0.07,0.0,0.0,0.001,SVN,0.9,0.0,0.0,0.0,0.0,0.60219,542.424274,0.0,other_connections,hydro,"Base,ZeroCarbon",False,
24,ESP_hydro,water,3370.0,0.0,101.1,0.005,60.0,0.07,0.0,0.0,0.001,ESP,0.9,0.0,0.0,0.0,0.0,8.364235,8141.594275,0.0,other_connections,hydro,"Base,ZeroCarbon",False,
25,SWE_hydro,water,3370.0,0.0,101.1,0.005,60.0,0.07,0.0,0.0,0.001,SWE,0.9,0.0,0.0,0.0,0.0,11.67406352,10521.55504,0.0,other_connections,hydro,"Base,ZeroCarbon",False,
26,GBR_hydro,water,3370.0,0.0,101.1,0.005,60.0,0.07,0.0,0.0,0.001,GBR,0.9,0.0,0.0,0.0,0.0,0.524,471.9944197,0.0,other_connections,hydro,"Base,ZeroCarbon",False,
27,ALB_hydro,water,3370.0,0.0,101.1,0.005,60.0,0.07,0.0,0.0,0.001,ALB,0.9,0.0,0.0,0.0,0.0,1.7602,1525.27358,0.0,other_connections,hydro,"Base,ZeroCarbon",False,
28,BIH_hydro,water,3370.0,0.0,101.1,0.005,60.0,0.07,0.0,0.0,0.001,BIH,0.9,0.0,0.0,0.0,0.0,1.5695,2.953779503,0.0,other_connections,hydro,"Base,ZeroCarbon",False,
29,MKD_hydro,water,3370.0,0.0,101.1,0.005,60.0,0.07,0.0,0.0,0.001,MKD,0.9,0.0,0.0,0.0,0.0,0.449,404.4379665,0.0,other_connections,hydro,"Base,ZeroCarbon",False,
30,MNE_hydro,water,3370.0,0.0,101.1,0.005,60.0,0.07,0.0,0.0,0.001,MNE,0.9,0.0,0.0,0.0,0.0,0.362961,354.7481033,0.0,other_connections,hydro,"Base,ZeroCarbon",False,
31,NOR_hydro,water,3370.0,0.0,101.1,0.005,60.0,0.07,0.0,0.0,0.001,NOR,0.9,0.0,0.0,0.0,0.0,31.75431,44705.52225,0.0,other_connections,hydro,"Base,ZeroCarbon",False,
32,SRB_hydro,water,3370.0,0.0,101.1,0.005,60.0,0.07,0.0,0.0,0.001,SRB,0.9,0.0,0.0,0.0,0.0,1.8753,784.1607808,0.0,other_connections,hydro,"Base,ZeroCarbon",False,
33,CHE_hydro,water,3370.0,0.0,101.1,0.005,60.0,0.07,0.0,0.0,0.001,CHE,0.9,0.0,0.0,0.0,0.0,9.12793,2283.602044,0.0,other_connections,hydro,all,False,
34,ISL_hydro,water,3370.0,0.0,101.1,0.005,60.0,0.07,0.0,0.0,0.001,ISL,0.9,0.0,0.0,0.0,0.0,0.0,0.0,0.0,other_connections,hydro,"Base,ZeroCarbon",False,
